时间,加速度X(g),加速度Y(g),加速度Z(g),四元数0(),四元数1(),四元数2(),四元数3()
2025-03-27 16:35:17.779,-0.49124999999999996,-0.31225,0.85425,0.3271628066788448,0.19730772354496795,0.2207986430891707,-0.8973751274497778
2025-03-27 16:35:17.781,-0.485,-0.306,0.84075,0.3271628066788448,0.19730772354496795,0.2207986430891707,-0.8973751274497778
2025-03-27 16:35:17.783,-0.491,-0.29825,0.836,0.3271628066788448,0.19730772354496795,0.2207986430891707,-0.8973751274497778
2025-03-27 16:35:17.784,-0.4945,-0.304,0.8352499999999999,0.3271628066788448,0.19730772354496795,0.2207986430891707,-0.8973751274497778
2025-03-27 16:35:17.833,-0.494,-0.30425,0.8285,0.3271628066788448,0.19730772354496795,0.2207986430891707,-0.8973751274497778
2025-03-27 16:35:17.884,-0.497,-0.308,0.829,0.3271628066788448,0.19730772354496795,0.2207986430891707,-0.8973751274497778
2025-03-27 16:35:17.885,-0.49700000000000005,-0.30633333333333335,0.8333333333333334,0.327162806678845,0.1973077235449674,0.2207986430891706,-0.8973751274497774
2025-03-27 16:35:17.920,-0.50125,-0.304,0.8272499999999999,0.3271628066788448,0.19730772354496795,0.2207986430891707,-0.8973751274497778
2025-03-27 16:35:17.942,-0.4995,-0.30974999999999997,0.837,0.3271628066788448,0.19730772354496795,0.2207986430891707,-0.8973751274497778
2025-03-27 16:35:17.994,-0.49724999999999997,-0.3085,0.8352499999999999,0.3271628066788448,0.19730772354496795,0.2207986430891707,-0.8973751274497778
2025-03-27 16:35:17.998,-0.504,-0.307,0.83,0.3271628066788448,0.19730772354496795,0.2207986430891707,-0.8973751274497778
2025-03-27 16:35:17.999,-0.4923333333333333,-0.3093333333333333,0.8409999999999999,0.327162806678845,0.1973077235449674,0.2207986430891706,-0.8973751274497774
2025-03-27 16:35:18.014,-0.497,-0.3045,0.8354999999999999,-0.3289299001717601,-0.19916304030926213,-0.2164139148288565,0.8973874423102965
2025-03-27 16:35:18.052,-0.49824999999999997,-0.303,0.8252499999999999,0.3295170394206723,0.19978033069823276,0.21495111518385215,-0.8973864041084857
2025-03-27 16:35:18.123,-0.49724999999999997,-0.301,0.8265,0.3295170394206723,0.19978033069823276,0.21495111518385215,-0.8973864041084857
2025-03-27 16:35:18.143,-0.50125,-0.3015,0.8305,0.3295170394206723,0.19978033069823276,0.21495111518385215,-0.8973864041084857
2025-03-27 16:35:18.192,-0.49075,-0.301,0.8374999999999999,0.3295170394206723,0.19978033069823276,0.21495111518385215,-0.8973864041084857
2025-03-27 16:35:18.194,-0.47875,-0.29874999999999996,0.84775,0.3295170394206723,0.19978033069823276,0.21495111518385215,-0.8973864041084857
2025-03-27 16:35:18.212,-0.4865,-0.297,0.82175,0.3295170394206723,0.19978033069823276,0.21495111518385215,-0.8973864041084857
2025-03-27 16:35:18.301,-0.48075,-0.30274999999999996,0.8454999999999999,0.3295170394206723,0.19978033069823276,0.21495111518385215,-0.8973864041084857
2025-03-27 16:35:18.324,-0.49024999999999996,-0.30225,0.83175,0.32905478137405797,0.1977588834692433,0.21167950879360206,-0.8987803738515702
2025-03-27 16:35:18.388,-0.483,-0.305,0.823,0.3290547813740579,0.1977588834692433,0.211679508793602,-0.8987803738515703
2025-03-27 16:35:18.389,-0.49300000000000005,-0.3056666666666667,0.8293333333333334,0.3290547813740579,0.1977588834692433,0.211679508793602,-0.8987803738515702
2025-03-27 16:35:18.402,-0.5,-0.30074999999999996,0.84475,0.32905478137405797,0.1977588834692433,0.21167950879360206,-0.8987803738515702
2025-03-27 16:35:18.414,-0.49433333333333335,-0.3013333333333333,0.8326666666666666,0.3290547813740579,0.1977588834692433,0.211679508793602,-0.8987803738515702
2025-03-27 16:35:18.415,-0.491,-0.306,0.836,0.3290547813740579,0.1977588834692433,0.211679508793602,-0.8987803738515703
2025-03-27 16:35:18.464,-0.48875,-0.30625,0.84825,0.32905478137405797,0.1977588834692433,0.21167950879360206,-0.8987803738515702
2025-03-27 16:35:18.480,-0.48475,-0.3095,0.8534999999999999,0.32905478137405797,0.1977588834692433,0.21167950879360206,-0.8987803738515702
2025-03-27 16:35:18.583,-0.4615,-0.309,0.843,0.32905478137405797,0.1977588834692433,0.21167950879360206,-0.8987803738515702
2025-03-27 16:35:18.592,-0.46950000000000003,-0.306,0.836,0.3290547813740579,0.1977588834692433,0.211679508793602,-0.8987803738515703
2025-03-27 16:35:18.593,-0.478,-0.3025,0.835,0.3290547813740579,0.1977588834692433,0.211679508793602,-0.8987803738515703
2025-03-27 16:35:18.614,-0.484,-0.29725,0.827,0.32905478137405797,0.1977588834692433,0.21167950879360206,-0.8987803738515702
2025-03-27 16:35:18.665,-0.49975,-0.29825,0.838,0.32905478137405797,0.1977588834692433,0.21167950879360206,-0.8987803738515702
2025-03-27 16:35:18.682,-0.4945,-0.305,0.8274999999999999,0.3290547813740579,0.1977588834692433,0.211679508793602,-0.8987803738515703
2025-03-27 16:35:18.683,-0.5035000000000001,-0.2995,0.813,-0.3258378357428481,-0.19758082200611804,-0.21145158159953073,0.9000443056943699
2025-03-27 16:35:18.770,-0.521,-0.3005,0.8165,0.32261697030867553,0.19740038366159196,0.2112211106599361,-0.9012974100765465
2025-03-27 16:35:18.796,-0.51775,-0.31425000000000003,0.8365,0.32261697030867553,0.19740038366159196,0.2112211106599361,-0.9012974100765465
2025-03-27 16:35:18.839,-0.507,-0.311,0.841,0.32261697030867553,0.19740038366159174,0.21122111065993604,-0.9012974100765464
2025-03-27 16:35:18.840,-0.501,-0.3076666666666667,0.8370000000000001,0.32261697030867564,0.19740038366159152,0.21122111065993607,-0.9012974100765465
2025-03-27 16:35:18.883,-0.49475,-0.30825,0.8374999999999999,0.32261697030867553,0.19740038366159196,0.2112211106599361,-0.9012974100765465
2025-03-27 16:35:18.886,-0.46775,-0.30325,0.82775,0.32261697030867553,0.19740038366159196,0.2112211106599361,-0.9012974100765465
2025-03-27 16:35:18.931,-0.484,-0.3073333333333333,0.8443333333333333,0.32261697030867564,0.19740038366159152,0.21122111065993607,-0.9012974100765465
2025-03-27 16:35:18.932,-0.464,-0.313,0.845,0.32261697030867553,0.19740038366159174,0.21122111065993604,-0.9012974100765464
2025-03-27 16:35:19.022,-0.46599999999999997,-0.308,0.84275,0.32261697030867553,0.19740038366159196,0.2112211106599361,-0.9012974100765465
2025-03-27 16:35:19.084,-0.46625,-0.317,0.86375,0.32261697030867553,0.19740038366159196,0.2112211106599361,-0.9012974100765465
2025-03-27 16:35:19.088,-0.4655,-0.315,0.8525,0.32261697030867553,0.19740038366159196,0.2112211106599361,-0.9012974100765465
2025-03-27 16:35:19.134,-0.4766666666666666,-0.31233333333333335,0.8496666666666667,-0.32713958830256706,-0.1924148270293402,-0.21170933448282078,0.9006305467822737
2025-03-27 16:35:19.135,-0.478,-0.311,0.844,0.3293952161540782,0.1899187731490104,0.21194979085462182,-0.9002815878029856
2025-03-27 16:35:19.183,-0.47025,-0.30425,0.8372499999999999,0.3293952161540782,0.1899187731490104,0.21194979085462182,-0.9002815878029856
2025-03-27 16:35:19.187,-0.472,-0.30625,0.8385,0.3293952161540782,0.1899187731490104,0.21194979085462182,-0.9002815878029856
2025-03-27 16:35:19.335,-0.46975,-0.31074999999999997,0.8525,0.3293952161540782,0.1899187731490104,0.21194979085462182,-0.9002815878029856
2025-03-27 16:35:19.387,-0.46425000000000005,-0.31975,0.86575,0.3293952161540782,0.1899187731490104,0.21194979085462182,-0.9002815878029856
2025-03-27 16:35:19.402,-0.46575,-0.316,0.8514999999999999,0.3293952161540782,0.1899187731490104,0.21194979085462182,-0.9002815878029856
2025-03-27 16:35:19.537,-0.4665,-0.313,0.86,0.3293952161540782,0.1899187731490104,0.21194979085462182,-0.9002815878029856
2025-03-27 16:35:19.582,-0.462,-0.316,0.86,0.3293952161540782,0.1899187731490104,0.21194979085462182,-0.9002815878029856
2025-03-27 16:35:19.583,-0.467,-0.31266666666666665,0.8426666666666667,0.32939521615407813,0.1899187731490105,0.21194979085462187,-0.9002815878029856
2025-03-27 16:35:19.606,-0.46775,-0.31025,0.84975,0.3293952161540782,0.1899187731490104,0.21194979085462182,-0.9002815878029856
2025-03-27 16:35:19.718,-0.47224999999999995,-0.3065,0.84725,0.3293952161540782,0.1899187731490104,0.21194979085462182,-0.9002815878029856
2025-03-27 16:35:19.739,-0.464,-0.301,0.838,0.3293952161540782,0.1899187731490104,0.21194979085462182,-0.9002815878029856
2025-03-27 16:35:19.740,-0.463,-0.30433333333333334,0.8473333333333333,-0.32948501791269,-0.18947197082897904,-0.21143297201957834,0.9004643766325376
2025-03-27 16:35:19.790,-0.46599999999999997,-0.30925,0.8574999999999999,0.3296641192231877,0.18857807663253956,0.21039901120390261,-0.9008285816928725
2025-03-27 16:35:19.868,-0.4655,-0.33025000000000004,0.885,0.3296641192231877,0.18857807663253956,0.21039901120390261,-0.9008285816928725
2025-03-27 16:35:19.920,-0.47775,-0.31025,0.848,0.3296641192231877,0.18857807663253956,0.21039901120390261,-0.9008285816928725
2025-03-27 16:35:19.995,-0.49024999999999996,-0.28525,0.805,0.3296641192231877,0.18857807663253956,0.21039901120390261,-0.9008285816928725
2025-03-27 16:35:20.078,-0.497,-0.2845,0.8142499999999999,0.3296641192231877,0.18857807663253956,0.21039901120390261,-0.9008285816928725
2025-03-27 16:35:20.123,-0.489,-0.3025,0.8382499999999999,0.3296641192231877,0.18857807663253956,0.21039901120390261,-0.9008285816928725
2025-03-27 16:35:20.184,-0.47924999999999995,-0.313,0.8485,0.3296641192231877,0.18857807663253956,0.21039901120390261,-0.9008285816928725
2025-03-27 16:35:20.212,-0.475,-0.3115,0.85775,0.3296641192231877,0.18857807663253956,0.21039901120390261,-0.9008285816928725
2025-03-27 16:35:20.276,-0.466,-0.312,0.862,0.3296641192231877,0.18857807663253956,0.21039901120390261,-0.9008285816928725
2025-03-27 16:35:20.277,-0.4756666666666667,-0.30266666666666664,0.84,0.32966411922318783,0.188578076632539,0.21039901120390256,-0.9008285816928723
2025-03-27 16:35:20.390,-0.47175,-0.30374999999999996,0.841,0.3326252257359824,0.19281882617526502,0.21179969501405177,-0.8985111288506307
2025-03-27 16:35:20.416,-0.47624999999999995,-0.31125,0.85075,0.3326252257359824,0.19281882617526502,0.21179969501405177,-0.8985111288506307
2025-03-27 16:35:20.438,-0.48075,-0.3175,0.85875,0.3326252257359824,0.19281882617526502,0.21179969501405177,-0.8985111288506307
2025-03-27 16:35:20.485,-0.48975,-0.3105,0.8285,0.3326252257359824,0.19281882617526502,0.21179969501405177,-0.8985111288506307
2025-03-27 16:35:20.510,-0.5,-0.29474999999999996,0.807,0.3326252257359824,0.19281882617526502,0.21179969501405177,-0.8985111288506307
2025-03-27 16:35:20.528,-0.509,-0.297,0.81525,-0.33330911786001755,-0.19439364926914893,-0.21283220721483093,0.8976739901808803
2025-03-27 16:35:20.550,-0.49775,-0.31074999999999997,0.8392499999999999,0.3353514039163135,0.19911270843568496,0.21592378140807952,-0.8951371324289925
2025-03-27 16:35:20.678,-0.4905,-0.311,0.8392499999999999,0.3353514039163135,0.19911270843568496,0.21592378140807952,-0.8951371324289925
2025-03-27 16:35:20.687,-0.4955,-0.307,0.824,0.3353514039163135,0.19911270843568496,0.21592378140807952,-0.8951371324289925
2025-03-27 16:35:20.707,-0.5015000000000001,-0.306,0.8342499999999999,0.3353514039163135,0.19911270843568496,0.21592378140807952,-0.8951371324289925
2025-03-27 16:35:20.780,-0.503,-0.309,0.828,0.3353514039163136,0.19911270843568485,0.21592378140807944,-0.8951371324289924
2025-03-27 16:35:20.781,-0.4955,-0.3085,0.8305,0.3353514039163136,0.19911270843568485,0.21592378140807944,-0.8951371324289924
2025-03-27 16:35:20.785,-0.4965,-0.3025,0.8205,0.3353514039163135,0.19911270843568496,0.21592378140807952,-0.8951371324289925
2025-03-27 16:35:20.820,-0.497,-0.30425,0.824,0.3353514039163135,0.19911270843568496,0.21592378140807952,-0.8951371324289925
2025-03-27 16:35:20.882,-0.49875,-0.3045,0.8115,-0.3398116589257525,-0.19694545628837523,-0.2179571001438266,0.8934401077869664
2025-03-27 16:35:20.910,-0.4975,-0.315,0.8354999999999999,0.34426117414206225,0.19477197965346327,0.2199835303161442,-0.8917148458503122
2025-03-27 16:35:20.911,-0.5025,-0.3145,0.8325,0.34426117414206225,0.19477197965346327,0.2199835303161442,-0.8917148458503122
2025-03-27 16:35:20.940,-0.5005,-0.3135,0.8302499999999999,0.3442611741420623,0.19477197965346338,0.2199835303161442,-0.8917148458503122
2025-03-27 16:35:20.992,-0.482,-0.317,0.83175,0.3442611741420623,0.19477197965346338,0.2199835303161442,-0.8917148458503122
2025-03-27 16:35:20.995,-0.475,-0.3345,0.862,0.3442611741420623,0.19477197965346338,0.2199835303161442,-0.8917148458503122
2025-03-27 16:35:21.024,-0.4625,-0.33425000000000005,0.85775,0.3442611741420623,0.19477197965346338,0.2199835303161442,-0.8917148458503122
2025-03-27 16:35:21.085,-0.46225,-0.3245,0.85325,0.3442611741420623,0.19477197965346338,0.2199835303161442,-0.8917148458503122
2025-03-27 16:35:21.088,-0.466,-0.32675,0.8665,0.3442611741420623,0.19477197965346338,0.2199835303161442,-0.8917148458503122
2025-03-27 16:35:21.135,-0.4615,-0.3245,0.8545,0.34426117414206225,0.19477197965346327,0.2199835303161442,-0.8917148458503122
2025-03-27 16:35:21.136,-0.46799999999999997,-0.323,0.868,0.34426117414206225,0.19477197965346327,0.2199835303161442,-0.8917148458503122
2025-03-27 16:35:21.184,-0.4715,-0.3215,0.854,0.3442611741420623,0.19477197965346338,0.2199835303161442,-0.8917148458503122
2025-03-27 16:35:21.186,-0.48,-0.304,0.8236666666666667,0.35304844454455975,0.19151000518449768,0.21980148323499074,-0.8890264459995545
2025-03-27 16:35:21.187,-0.488,-0.295,0.824,0.35304844454455975,0.19151000518449768,0.21980148323499074,-0.8890264459995545
2025-03-27 16:35:21.226,-0.48924999999999996,-0.2935,0.80725,0.3530484445445597,0.19151000518449757,0.21980148323499074,-0.8890264459995545
2025-03-27 16:35:21.387,-0.497,-0.29474999999999996,0.82,0.3530484445445597,0.19151000518449757,0.21980148323499074,-0.8890264459995545
2025-03-27 16:35:21.405,-0.512,-0.2995,0.81075,0.3530484445445597,0.19151000518449757,0.21980148323499074,-0.8890264459995545
2025-03-27 16:35:21.492,-0.51775,-0.308,0.824,0.3530484445445597,0.19151000518449757,0.21980148323499074,-0.8890264459995545
2025-03-27 16:35:21.518,-0.51925,-0.31375,0.8322499999999999,0.3530484445445597,0.19151000518449757,0.21980148323499074,-0.8890264459995545
2025-03-27 16:35:21.598,-0.505,-0.301,0.822,0.35304844454455975,0.19151000518449768,0.21980148323499074,-0.8890264459995545
2025-03-27 16:35:21.599,-0.4895,-0.309,0.8374999999999999,0.35304844454455975,0.19151000518449768,0.21980148323499074,-0.8890264459995545
2025-03-27 16:35:21.608,-0.477,-0.31925000000000003,0.854,0.3530484445445597,0.19151000518449757,0.21980148323499074,-0.8890264459995545
2025-03-27 16:35:21.721,-0.4745,-0.30725,0.8332499999999999,0.3530484445445597,0.19151000518449757,0.21980148323499074,-0.8890264459995545
2025-03-27 16:35:21.798,-0.4775,-0.31325000000000003,0.84675,0.3530484445445597,0.19151000518449757,0.21980148323499074,-0.8890264459995545
2025-03-27 16:35:21.833,-0.47325,-0.303,0.8272499999999999,0.3530484445445597,0.19151000518449757,0.21980148323499074,-0.8890264459995545
2025-03-27 16:35:21.900,-0.49,-0.311,0.8345,-0.3508196458341606,-0.19245577829972516,-0.2206273559249032,0.8894998141165783
2025-03-27 16:35:21.981,-0.48733333333333334,-0.318,0.8363333333333333,0.34858847271551335,0.1934002488408445,0.22145173537058058,-0.8899671619444863
2025-03-27 16:35:21.982,-0.491,-0.324,0.852,0.34858847271551335,0.19340024884084417,0.22145173537058055,-0.8899671619444864
2025-03-27 16:35:21.984,-0.496,-0.329,0.852,0.34858847271551335,0.19340024884084417,0.22145173537058055,-0.8899671619444864
2025-03-27 16:35:21.985,-0.49266666666666664,-0.3276666666666667,0.8486666666666666,0.34858847271551335,0.1934002488408445,0.22145173537058058,-0.8899671619444863
2025-03-27 16:35:21.992,-0.5165,-0.322,0.8305,0.34858847271551335,0.19340024884084417,0.22145173537058055,-0.8899671619444864
2025-03-27 16:35:21.993,-0.5145,-0.3155,0.8234999999999999,0.34858847271551335,0.19340024884084417,0.22145173537058055,-0.8899671619444864
2025-03-27 16:35:22.036,-0.49300000000000005,-0.3133333333333333,0.8236666666666667,0.34858847271551335,0.1934002488408445,0.22145173537058058,-0.8899671619444863
2025-03-27 16:35:22.037,-0.494,-0.31,0.823,0.34858847271551335,0.19340024884084417,0.22145173537058055,-0.8899671619444864
2025-03-27 16:35:22.103,-0.4855,-0.308,0.8305,0.34858847271551335,0.19340024884084417,0.22145173537058058,-0.8899671619444864
2025-03-27 16:35:22.200,-0.48724999999999996,-0.31425000000000003,0.838,0.34858847271551335,0.19340024884084417,0.22145173537058058,-0.8899671619444864
2025-03-27 16:35:22.238,-0.498,-0.3105,0.82975,-0.34985242859161036,-0.19484249404745901,-0.2203516188981817,0.8894295052284181
2025-03-27 16:35:22.288,-0.503,-0.311,0.835,0.3502733437640955,0.19532301718933798,0.2199846607502873,-0.8892492635020591
2025-03-27 16:35:22.289,-0.4996666666666667,-0.31233333333333335,0.839,0.3502733437640955,0.19532301718933787,0.21998466075028728,-0.8892492635020594
2025-03-27 16:35:22.292,-0.50125,-0.30725,0.82875,0.3502733437640955,0.19532301718933798,0.2199846607502873,-0.8892492635020591
2025-03-27 16:35:22.305,-0.49124999999999996,-0.3045,0.8274999999999999,0.3502733437640955,0.19532301718933798,0.2199846607502873,-0.8892492635020591
2025-03-27 16:35:22.391,-0.4915,-0.31325000000000003,0.834,0.3502733437640955,0.19532301718933798,0.2199846607502873,-0.8892492635020591
2025-03-27 16:35:22.398,-0.4915,-0.312,0.84925,0.3502733437640955,0.19532301718933798,0.2199846607502873,-0.8892492635020591
2025-03-27 16:35:22.418,-0.487,-0.30725,0.828,0.3502733437640955,0.19532301718933798,0.2199846607502873,-0.8892492635020591
2025-03-27 16:35:22.489,-0.49475,-0.3055,0.83375,0.3502733437640955,0.19532301718933798,0.2199846607502873,-0.8892492635020591
2025-03-27 16:35:22.507,-0.51875,-0.30874999999999997,0.8325,0.35192393936683636,0.19761344250891388,0.21986495615174467,-0.8881204137371771
2025-03-27 16:35:22.531,-0.587,-0.2715,0.841,0.35192393936683636,0.19761344250891388,0.21986495615174467,-0.8881204137371771
2025-03-27 16:35:22.595,-0.618,-0.25425,0.79525,0.35192393936683636,0.19761344250891388,0.21986495615174467,-0.8881204137371771
2025-03-27 16:35:22.691,-0.43674999999999997,-0.34075,0.64125,0.35192393936683636,0.19761344250891388,0.21986495615174467,-0.8881204137371771
2025-03-27 16:35:22.734,-0.44125000000000003,-0.5125,0.6425000000000001,0.35192393936683636,0.19761344250891388,0.21986495615174467,-0.8881204137371771
2025-03-27 16:35:22.788,-0.53375,-0.57125,0.65675,0.35192393936683636,0.19761344250891388,0.21986495615174467,-0.8881204137371771
2025-03-27 16:35:22.881,-0.5135,-0.65875,0.62875,0.35192393936683636,0.19761344250891388,0.21986495615174467,-0.8881204137371771
2025-03-27 16:35:22.883,-0.5053333333333333,-0.6556666666666667,0.5873333333333334,0.3519239393668364,0.19761344250891388,0.21986495615174462,-0.888120413737177
2025-03-27 16:35:22.884,-0.52,-0.689,0.6,0.3519239393668365,0.19761344250891377,0.2198649561517447,-0.8881204137371772
2025-03-27 16:35:22.891,-0.48875,-0.6475,0.5347500000000001,0.35192393936683636,0.19761344250891388,0.21986495615174467,-0.8881204137371771
2025-03-27 16:35:22.913,-0.48875,-0.65925,0.51825,0.35192393936683636,0.19761344250891388,0.21986495615174467,-0.8881204137371771
2025-03-27 16:35:23.003,-0.4673333333333334,-0.6793333333333335,0.466,0.3519239393668364,0.19761344250891388,0.21986495615174462,-0.888120413737177
2025-03-27 16:35:23.004,-0.515,-0.75,0.485,0.34028810229425355,0.08344443899089726,0.4807055720774733,-0.8038427619952421
2025-03-27 16:35:23.025,-0.49466666666666664,-0.8393333333333333,0.5576666666666666,0.34028810229425366,0.08344443899089704,0.4807055720774732,-0.803842761995242
2025-03-27 16:35:23.026,-0.44,-0.871,0.557,0.34028810229425355,0.08344443899089726,0.4807055720774733,-0.8038427619952421
2025-03-27 16:35:23.048,-0.43,-0.8355,0.4925,0.34028810229425355,0.08344443899089726,0.4807055720774733,-0.8038427619952421
2025-03-27 16:35:23.105,-0.40025,-0.7815000000000001,0.43125,0.34028810229425355,0.08344443899089726,0.4807055720774733,-0.8038427619952421
2025-03-27 16:35:23.107,-0.35825,-0.76275,0.359,0.34028810229425355,0.08344443899089726,0.4807055720774733,-0.8038427619952421
2025-03-27 16:35:23.115,-0.36725,-0.8955,0.41175,0.34028810229425355,0.08344443899089726,0.4807055720774733,-0.8038427619952421
2025-03-27 16:35:23.138,-0.306,-0.917,0.381,0.34028810229425355,0.08344443899089726,0.4807055720774733,-0.8038427619952421
2025-03-27 16:35:23.139,-0.3446666666666667,-0.924,0.357,0.34028810229425366,0.08344443899089704,0.4807055720774732,-0.803842761995242
2025-03-27 16:35:23.186,-0.3635,-0.9804999999999999,0.41800000000000004,0.34028810229425355,0.08344443899089726,0.4807055720774733,-0.8038427619952421
2025-03-27 16:35:23.187,-0.344,-0.9644999999999999,0.37749999999999995,0.34028810229425355,0.08344443899089726,0.4807055720774733,-0.8038427619952421
2025-03-27 16:35:23.209,-0.3855,-0.869,0.3015,0.34028810229425355,0.08344443899089726,0.4807055720774733,-0.8038427619952421
2025-03-27 16:35:23.227,-0.33499999999999996,-0.892,0.3295,0.34028810229425355,0.08344443899089726,0.4807055720774733,-0.8038427619952421
2025-03-27 16:35:23.228,-0.2905,-0.928,0.356,-0.31973953740768657,-0.038356397298938694,-0.5293530299891569,0.7849081377115817
2025-03-27 16:35:23.250,-0.3005,-0.9265000000000001,0.309,0.29753463532994484,-0.006930340894179765,0.5752582961846062,-0.7619074772076663
2025-03-27 16:35:23.299,-0.322,-0.922,0.299,0.29753463532994484,-0.006930340894179765,0.5752582961846062,-0.7619074772076663
2025-03-27 16:35:23.300,-0.3166666666666667,-0.9373333333333335,0.3116666666666667,0.2975346353299449,-0.006930340894179654,0.575258296184606,-0.7619074772076662
2025-03-27 16:35:23.383,-0.29025,-0.89725,0.3075,0.29753463532994484,-0.006930340894179765,0.5752582961846062,-0.7619074772076663
2025-03-27 16:35:23.389,-0.286,-0.8945000000000001,0.30374999999999996,0.29753463532994484,-0.006930340894179765,0.5752582961846062,-0.7619074772076663
2025-03-27 16:35:23.408,-0.29433333333333334,-0.972,0.32833333333333337,0.2975346353299449,-0.006930340894179654,0.575258296184606,-0.7619074772076662
2025-03-27 16:35:23.409,-0.293,-1.003,0.354,0.29753463532994484,-0.006930340894179765,0.5752582961846062,-0.7619074772076663
2025-03-27 16:35:23.496,-0.30174999999999996,-1.10925,0.3825,0.29753463532994484,-0.006930340894179765,0.5752582961846062,-0.7619074772076663
2025-03-27 16:35:23.499,-0.31174999999999997,-1.11325,0.3605,0.29753463532994484,-0.006930340894179765,0.5752582961846062,-0.7619074772076663
2025-03-27 16:35:23.503,-0.32325000000000004,-1.028,0.35450000000000004,0.29753463532994484,-0.006930340894179765,0.5752582961846062,-0.7619074772076663
2025-03-27 16:35:23.520,-0.2775,-0.91125,0.371,0.29753463532994484,-0.006930340894179765,0.5752582961846062,-0.7619074772076663
2025-03-27 16:35:23.610,-0.271,-0.8175,0.381,-0.30304790880347166,0.00453669123409739,-0.5543615546692411,0.7751287958185992
2025-03-27 16:35:23.611,-0.2485,-0.7815000000000001,0.391,0.30836492759821993,-0.002140103600000387,0.5331058070506208,-0.7878481388394792
2025-03-27 16:35:23.633,-0.2465,-0.7104999999999999,0.37925,0.30836492759821993,-0.002140103600000387,0.5331058070506208,-0.7878481388394792
2025-03-27 16:35:23.690,-0.2625,-0.69775,0.40475,0.30836492759821993,-0.002140103600000387,0.5331058070506208,-0.7878481388394792
2025-03-27 16:35:23.695,-0.286,-0.711,0.422,0.30836492759821993,-0.002140103600000387,0.5331058070506208,-0.7878481388394792
2025-03-27 16:35:23.696,-0.3113333333333333,-0.7120000000000001,0.397,0.30836492759821993,-0.002140103600000609,0.5331058070506209,-0.7878481388394795
2025-03-27 16:35:23.789,-0.362,-0.774,0.4235,0.30836492759821993,-0.002140103600000387,0.5331058070506208,-0.7878481388394792
2025-03-27 16:35:23.792,-0.36566666666666664,-0.8113333333333334,0.4423333333333333,0.30836492759821993,-0.002140103600000609,0.5331058070506209,-0.7878481388394795
2025-03-27 16:35:23.793,-0.356,-0.833,0.438,0.30836492759821993,-0.002140103600000387,0.5331058070506208,-0.7878481388394792
2025-03-27 16:35:23.836,-0.334,-0.8305,0.43674999999999997,0.30836492759821993,-0.002140103600000387,0.5331058070506208,-0.7878481388394792
2025-03-27 16:35:23.886,-0.32375,-0.82975,0.4555,0.30836492759821993,-0.002140103600000387,0.5331058070506208,-0.7878481388394792
2025-03-27 16:35:23.891,-0.2995,-0.807,0.44925000000000004,0.30836492759821993,-0.002140103600000387,0.5331058070506208,-0.7878481388394792
2025-03-27 16:35:23.925,-0.3165,-0.7935000000000001,0.44,0.30836492759821993,-0.002140103600000387,0.5331058070506208,-0.7878481388394792
2025-03-27 16:35:23.995,-0.33699999999999997,-0.7715000000000001,0.4405,-0.3157513802348006,-0.007566503689353521,-0.522256444214834,0.792143939178869
2025-03-27 16:35:24.038,-0.30774999999999997,-0.79425,0.43374999999999997,0.3230478625208668,0.017270954975498687,0.5112582693760416,-0.7962140256423196
2025-03-27 16:35:24.101,-0.3305,-0.75725,0.40975,0.3230478625208668,0.017270954975498687,0.5112582693760416,-0.7962140256423196
2025-03-27 16:35:24.104,-0.3245,-0.701,0.387,0.3230478625208668,0.017270954975498687,0.5112582693760416,-0.7962140256423196
2025-03-27 16:35:24.130,-0.29,-0.75225,0.40225,0.3230478625208668,0.017270954975498687,0.5112582693760416,-0.7962140256423196
2025-03-27 16:35:24.199,-0.323,-0.787,0.366,0.3230478625208668,0.017270954975498687,0.5112582693760416,-0.7962140256423196
2025-03-27 16:35:24.200,-0.295,-0.8583333333333334,0.37666666666666665,0.3230478625208669,0.017270954975498576,0.5112582693760415,-0.7962140256423194
2025-03-27 16:35:24.218,-0.291,-0.9515,0.404,0.3230478625208668,0.017270954975498687,0.5112582693760416,-0.7962140256423196
2025-03-27 16:35:24.219,-0.3235,-1.0150000000000001,0.42,0.3230478625208668,0.017270954975498687,0.5112582693760416,-0.7962140256423196
2025-03-27 16:35:24.240,-0.3093333333333333,-1.0216666666666667,0.416,0.3230478625208669,0.017270954975498576,0.5112582693760415,-0.7962140256423194
2025-03-27 16:35:24.241,-0.295,-0.971,0.385,0.3230478625208668,0.017270954975498687,0.5112582693760416,-0.7962140256423196
2025-03-27 16:35:24.299,-0.30125,-0.92225,0.33725,0.3230478625208668,0.017270954975498687,0.5112582693760416,-0.7962140256423196
2025-03-27 16:35:24.331,-0.30325,-0.9475,0.3675,0.3230478625208668,0.017270954975498687,0.5112582693760416,-0.7962140256423196
2025-03-27 16:35:24.396,-0.26049999999999995,-0.961,0.3535,-0.3025193290288914,-0.0021064457872636,-0.533482332053371,0.7898570882361895
2025-03-27 16:35:24.442,-0.35800000000000004,-1.127,0.417,0.28163209756943547,-0.013060561019305639,0.5550738433204858,-0.7825636151942703
2025-03-27 16:35:24.443,-0.191,-0.979,0.295,0.2816320975694356,-0.013060561019305639,0.5550738433204857,-0.7825636151942702
2025-03-27 16:35:24.484,-0.28425,-0.89225,0.30925,0.28163209756943547,-0.01306056101930575,0.5550738433204858,-0.7825636151942703
2025-03-27 16:35:24.489,-0.2585,-0.91325,0.32925000000000004,0.28163209756943547,-0.01306056101930575,0.5550738433204858,-0.7825636151942703
2025-03-27 16:35:24.533,-0.27925,-0.93425,0.3265,0.28163209756943547,-0.01306056101930575,0.5550738433204858,-0.7825636151942703
2025-03-27 16:35:24.601,-0.3255,-1.03175,0.39949999999999997,0.28163209756943547,-0.01306056101930575,0.5550738433204858,-0.7825636151942703
2025-03-27 16:35:24.623,-0.34650000000000003,-1.02925,0.388,0.28163209756943547,-0.01306056101930575,0.5550738433204858,-0.7825636151942703
2025-03-27 16:35:24.697,-0.38525,-0.9545,0.3725,0.28163209756943547,-0.01306056101930575,0.5550738433204858,-0.7825636151942703
2025-03-27 16:35:24.734,-0.382,-0.902,0.40249999999999997,0.28163209756943547,-0.01306056101930575,0.5550738433204858,-0.7825636151942703
2025-03-27 16:35:24.784,-0.36475,-0.7887500000000001,0.4005,0.28163209756943547,-0.01306056101930575,0.5550738433204858,-0.7825636151942703
2025-03-27 16:35:24.787,-0.40425,-0.784,0.52075,0.28163209756943547,-0.01306056101930575,0.5550738433204858,-0.7825636151942703
2025-03-27 16:35:24.891,-0.45225,-0.61325,0.47750000000000004,0.349813220830095,0.08621572305601255,0.4444595035121622,-0.8201544423876073
2025-03-27 16:35:24.898,-0.43975,-0.54975,0.582,0.349813220830095,0.08621572305601255,0.4444595035121622,-0.8201544423876073
2025-03-27 16:35:24.937,-0.45325,-0.47775,0.63475,0.349813220830095,0.08621572305601255,0.4444595035121622,-0.8201544423876073
2025-03-27 16:35:24.975,-0.4505,-0.482,0.7245,0.349813220830095,0.08621572305601255,0.4444595035121622,-0.8201544423876073
2025-03-27 16:35:25.034,-0.496,-0.4243333333333334,0.758,0.349813220830095,0.08621572305601277,0.44445950351216224,-0.8201544423876074
2025-03-27 16:35:25.035,-0.504,-0.393,0.772,0.349813220830095,0.08621572305601255,0.4444595035121622,-0.8201544423876073
2025-03-27 16:35:25.140,-0.479,-0.392,0.788,0.349813220830095,0.08621572305601255,0.4444595035121622,-0.8201544423876073
2025-03-27 16:35:25.141,-0.4426666666666667,-0.4093333333333333,0.8203333333333332,0.349813220830095,0.08621572305601277,0.44445950351216224,-0.8201544423876074
2025-03-27 16:35:25.231,-0.4915,-0.3675,0.78125,0.349813220830095,0.08621572305601255,0.4444595035121622,-0.8201544423876073
2025-03-27 16:35:25.285,-0.46775,-0.3845,0.825,0.349813220830095,0.08621572305601255,0.4444595035121622,-0.8201544423876073
2025-03-27 16:35:25.289,-0.48575,-0.38475000000000004,0.836,0.349813220830095,0.08621572305601255,0.4444595035121622,-0.8201544423876073
2025-03-27 16:35:25.299,-0.436,-0.389,0.8322499999999999,0.349813220830095,0.08621572305601255,0.4444595035121622,-0.8201544423876073
2025-03-27 16:35:25.320,-0.4543333333333333,-0.3786666666666667,0.8193333333333334,0.3771577432753752,0.17114805160987334,0.2450115264953781,-0.8766012394481167
2025-03-27 16:35:25.321,-0.501,-0.367,0.848,0.3771577432753751,0.17114805160987356,0.24501152649537816,-0.8766012394481171
2025-03-27 16:35:25.378,-0.48375,-0.362,0.82875,0.3771577432753751,0.17114805160987356,0.24501152649537816,-0.8766012394481171
2025-03-27 16:35:25.380,-0.471,-0.361,0.803,0.3771577432753751,0.17114805160987356,0.24501152649537816,-0.8766012394481171
2025-03-27 16:35:25.381,-0.486,-0.3443333333333333,0.8006666666666667,0.3771577432753752,0.17114805160987334,0.2450115264953781,-0.8766012394481167
2025-03-27 16:35:25.388,-0.49324999999999997,-0.34475,0.8215,0.3771577432753751,0.17114805160987356,0.24501152649537816,-0.8766012394481171
2025-03-27 16:35:25.410,-0.492,-0.347,0.833,0.3771577432753751,0.17114805160987356,0.24501152649537816,-0.8766012394481171
2025-03-27 16:35:25.411,-0.48266666666666663,-0.3516666666666666,0.8293333333333334,0.3771577432753752,0.17114805160987334,0.2450115264953781,-0.8766012394481167
2025-03-27 16:35:25.502,-0.443,-0.358,0.818,0.3771577432753751,0.17114805160987356,0.24501152649537816,-0.8766012394481171
2025-03-27 16:35:25.503,-0.448,-0.3426666666666667,0.801,0.3771577432753752,0.17114805160987334,0.2450115264953781,-0.8766012394481167
2025-03-27 16:35:25.524,-0.46799999999999997,-0.34525,0.85075,0.3771577432753751,0.17114805160987356,0.24501152649537816,-0.8766012394481171
2025-03-27 16:35:25.593,-0.4603333333333333,-0.35033333333333333,0.8383333333333333,0.3771577432753752,0.17114805160987334,0.2450115264953781,-0.8766012394481167
2025-03-27 16:35:25.594,-0.45,-0.343,0.812,0.3771577432753751,0.17114805160987356,0.24501152649537816,-0.8766012394481171
2025-03-27 16:35:25.687,-0.46399999999999997,-0.33425000000000005,0.8195,0.3771577432753751,0.17114805160987356,0.24501152649537816,-0.8766012394481171
2025-03-27 16:35:25.691,-0.48224999999999996,-0.3355,0.841,0.3771577432753751,0.17114805160987356,0.24501152649537816,-0.8766012394481171
2025-03-27 16:35:25.702,-0.4705,-0.34575,0.82375,-0.383136654960591,-0.1724569757539448,-0.2341860604628624,0.8767107756976054
2025-03-27 16:35:25.725,-0.4755,-0.33625000000000005,0.833,0.3851163214985401,0.17288732708560806,0.23056977170787693,-0.8767171558850694
2025-03-27 16:35:25.816,-0.456,-0.3415,0.82475,0.3851163214985401,0.17288732708560806,0.23056977170787693,-0.8767171558850694
2025-03-27 16:35:25.839,-0.48325,-0.33275,0.8285,0.3851163214985401,0.17288732708560806,0.23056977170787693,-0.8767171558850694
2025-03-27 16:35:25.903,-0.47775,-0.347,0.848,0.3851163214985401,0.17288732708560806,0.23056977170787693,-0.8767171558850694
2025-03-27 16:35:25.910,-0.459,-0.369,0.854,0.38511632149854014,0.17288732708560783,0.23056977170787687,-0.876717155885069
2025-03-27 16:35:25.911,-0.4766666666666666,-0.3496666666666666,0.8343333333333334,0.3851163214985401,0.17288732708560806,0.23056977170787693,-0.8767171558850692
2025-03-27 16:35:25.988,-0.47866666666666663,-0.3363333333333334,0.8416666666666667,0.3851163214985401,0.17288732708560806,0.23056977170787693,-0.8767171558850692
2025-03-27 16:35:25.989,-0.467,-0.339,0.853,0.38511632149854014,0.17288732708560783,0.23056977170787687,-0.876717155885069
2025-03-27 16:35:25.993,-0.4615,-0.334,0.8140000000000001,0.3851163214985401,0.17288732708560806,0.23056977170787693,-0.8767171558850694
2025-03-27 16:35:25.998,-0.462,-0.3325,0.823,0.3851163214985401,0.17288732708560806,0.23056977170787693,-0.8767171558850694
2025-03-27 16:35:26.019,-0.45,-0.328,0.807,0.3851163214985401,0.17288732708560806,0.23056977170787693,-0.8767171558850692
2025-03-27 16:35:26.020,-0.445,-0.329,0.795,0.38511632149854014,0.17288732708560783,0.23056977170787687,-0.876717155885069
2025-03-27 16:35:26.084,-0.41933333333333334,-0.34366666666666673,0.787,-0.3867886109505185,-0.17723267085164707,-0.24298005714287127,0.8717475796654713
2025-03-27 16:35:26.085,-0.399,-0.357,0.759,0.3875956303371611,0.17939186255355166,0.2491664765036089,-0.8691974769751021
2025-03-27 16:35:26.088,-0.45399999999999996,-0.351,0.7070000000000001,0.3875956303371611,0.17939186255355166,0.2491664765036089,-0.8691974769751021
2025-03-27 16:35:26.109,-0.502,-0.3775,0.6885,0.3875956303371611,0.17939186255355166,0.2491664765036089,-0.8691974769751021
2025-03-27 16:35:26.192,-0.476,-0.4475,0.5815,0.3875956303371611,0.17939186255355166,0.2491664765036089,-0.8691974769751021
2025-03-27 16:35:26.193,-0.446,-0.479,0.5525,0.3875956303371611,0.17939186255355166,0.2491664765036089,-0.8691974769751021
2025-03-27 16:35:26.196,-0.65025,-0.6125,0.585,0.3875956303371611,0.17939186255355166,0.2491664765036089,-0.8691974769751021
2025-03-27 16:35:26.302,-0.5547500000000001,-0.79225,0.562,0.3875956303371611,0.17939186255355166,0.2491664765036089,-0.8691974769751021
2025-03-27 16:35:26.310,-0.51525,-0.8592500000000001,0.56975,0.3875956303371611,0.17939186255355166,0.2491664765036089,-0.8691974769751021
2025-03-27 16:35:26.332,-0.447,-0.701,0.405,0.3875956303371611,0.17939186255355166,0.2491664765036089,-0.8691974769751021
2025-03-27 16:35:26.333,-0.48966666666666664,-0.7213333333333333,0.41333333333333333,0.38759563033716143,0.179391862553551,0.24916647650360874,-0.8691974769751015
2025-03-27 16:35:26.387,-0.48675,-0.7797499999999999,0.43775,0.3875956303371611,0.17939186255355166,0.2491664765036089,-0.8691974769751021
2025-03-27 16:35:26.390,-0.47750000000000004,-0.859,0.4665,-0.37980812306533507,-0.15383471446976105,-0.318960037127636,0.854602343194267
2025-03-27 16:35:26.486,-0.45599999999999996,-0.889,0.5325,0.3419047057060279,0.06955299155241235,0.5219924514825687,-0.7783234765683243
2025-03-27 16:35:26.491,-0.4415,-0.879,0.5345,0.3419047057060279,0.06955299155241235,0.5219924514825687,-0.7783234765683243
2025-03-27 16:35:26.594,-0.41500000000000004,-0.6699999999999999,0.3195,0.3419047057060279,0.06955299155241235,0.5219924514825687,-0.7783234765683243
2025-03-27 16:35:26.596,-0.386,-0.646,0.376,0.3419047057060279,0.06955299155241235,0.5219924514825687,-0.7783234765683243
2025-03-27 16:35:26.597,-0.37333333333333335,-0.7193333333333333,0.4533333333333333,0.3419047057060279,0.06955299155241212,0.5219924514825685,-0.7783234765683242
2025-03-27 16:35:26.603,-0.3615,-0.806,0.544,0.3419047057060279,0.06955299155241235,0.5219924514825687,-0.7783234765683243
2025-03-27 16:35:26.690,-0.338,-0.831,0.563,0.3419047057060279,0.06955299155241235,0.5219924514825687,-0.7783234765683243
2025-03-27 16:35:26.691,-0.3753333333333333,-0.8489999999999999,0.5133333333333333,0.3419047057060279,0.06955299155241212,0.5219924514825685,-0.7783234765683242
2025-03-27 16:35:26.695,-0.39849999999999997,-0.8495,0.528,0.3419047057060279,0.06955299155241235,0.5219924514825687,-0.7783234765683243
2025-03-27 16:35:26.715,-0.389,-0.8079999999999999,0.48533333333333334,0.3419047057060279,0.06955299155241212,0.5219924514825685,-0.7783234765683242
2025-03-27 16:35:26.716,-0.364,-0.823,0.506,0.3419047057060279,0.06955299155241235,0.5219924514825687,-0.7783234765683243
2025-03-27 16:35:26.793,-0.373,-0.79525,0.50475,0.3419047057060279,0.06955299155241235,0.5219924514825687,-0.7783234765683243
2025-03-27 16:35:26.828,-0.3345,-0.78825,0.5165,0.3419047057060279,0.06955299155241235,0.5219924514825687,-0.7783234765683243
2025-03-27 16:35:26.884,-0.384,-0.879,0.57125,0.3419047057060279,0.06955299155241235,0.5219924514825687,-0.7783234765683243
2025-03-27 16:35:26.890,-0.405,-0.94275,0.5882499999999999,-0.32581784320541923,-0.05782109593141094,-0.4958430543090706,0.8028942143319452
2025-03-27 16:35:26.918,-0.3975,-0.907,0.568,0.30918232409846835,0.04599183324801437,0.46885868884537946,-0.8261129291045799
2025-03-27 16:35:26.940,-0.381,-0.896,0.575,0.30918232409846846,0.04599183324801448,0.46885868884537946,-0.8261129291045797
2025-03-27 16:35:26.941,-0.41133333333333333,-0.87,0.5596666666666666,0.3091823240984685,0.04599183324801415,0.46885868884537935,-0.8261129291045796
2025-03-27 16:35:26.994,-0.382,-0.7995,0.548,0.30918232409846835,0.04599183324801437,0.46885868884537946,-0.8261129291045799
2025-03-27 16:35:27.090,-0.36924999999999997,-0.7092499999999999,0.527,0.30918232409846835,0.04599183324801437,0.46885868884537946,-0.8261129291045799
2025-03-27 16:35:27.099,-0.36124999999999996,-0.6425000000000001,0.533,0.30918232409846835,0.04599183324801437,0.46885868884537946,-0.8261129291045799
2025-03-27 16:35:27.120,-0.361,-0.604,0.516,0.30918232409846846,0.04599183324801448,0.46885868884537946,-0.8261129291045797
2025-03-27 16:35:27.121,-0.33899999999999997,-0.58,0.507,0.3091823240984685,0.04599183324801415,0.46885868884537935,-0.8261129291045796
2025-03-27 16:35:27.187,-0.325,-0.58,0.519,0.30918232409846846,0.04599183324801448,0.46885868884537946,-0.8261129291045797
2025-03-27 16:35:27.188,-0.36366666666666664,-0.5933333333333333,0.5403333333333333,0.3091823240984685,0.04599183324801415,0.46885868884537935,-0.8261129291045796
2025-03-27 16:35:27.280,-0.333,-0.6214999999999999,0.56475,0.30918232409846835,0.04599183324801437,0.46885868884537946,-0.8261129291045799
2025-03-27 16:35:27.285,-0.36175,-0.668,0.57125,0.30918232409846835,0.04599183324801437,0.46885868884537946,-0.8261129291045799
2025-03-27 16:35:27.300,-0.343,-0.679,0.579,0.30918232409846846,0.04599183324801448,0.46885868884537946,-0.8261129291045797
2025-03-27 16:35:27.301,-0.363,-0.6656666666666667,0.5703333333333332,0.3091823240984685,0.04599183324801415,0.46885868884537935,-0.8261129291045796
2025-03-27 16:35:27.323,-0.35075,-0.638,0.53125,0.30918232409846835,0.04599183324801437,0.46885868884537946,-0.8261129291045799
2025-03-27 16:35:27.393,-0.37075,-0.689,0.564,-0.3158663558365216,-0.05194825835632788,-0.46442321014307764,0.8257365836540727
2025-03-27 16:35:27.413,-0.33675,-0.64825,0.505,0.33573685718325486,0.06979350429768727,0.4508326360859743,-0.8241113782288965
2025-03-27 16:35:27.435,-0.356,-0.659,0.498,0.3357368571832548,0.06979350429768727,0.45083263608597424,-0.8241113782288965
2025-03-27 16:35:27.436,-0.41933333333333334,-0.684,0.508,0.335736857183255,0.06979350429768694,0.4508326360859742,-0.8241113782288962
2025-03-27 16:35:27.502,-0.37625,-0.73075,0.46875,0.33573685718325486,0.06979350429768727,0.4508326360859743,-0.8241113782288965
2025-03-27 16:35:27.590,-0.39325,-0.84725,0.5185,0.33573685718325486,0.06979350429768727,0.4508326360859743,-0.8241113782288965
2025-03-27 16:35:27.592,-0.374,-0.9175,0.504,0.33573685718325486,0.06979350429768727,0.4508326360859743,-0.8241113782288965
2025-03-27 16:35:27.597,-0.40700000000000003,-0.9299999999999999,0.49375,0.33573685718325486,0.06979350429768727,0.4508326360859743,-0.8241113782288965
2025-03-27 16:35:27.638,-0.311,-0.8505,0.45099999999999996,0.3357368571832548,0.06979350429768727,0.45083263608597424,-0.8241113782288965
2025-03-27 16:35:27.642,-0.29900000000000004,-0.8340000000000001,0.4335,0.3357368571832548,0.06979350429768727,0.45083263608597424,-0.8241113782288965
2025-03-27 16:35:27.709,-0.349,-0.947,0.513,0.2828855096090886,0.03854211312735256,0.5065277711210213,-0.8135846059581355
2025-03-27 16:35:27.710,-0.37600000000000006,-0.911,0.48266666666666663,0.2828855096090884,0.038542113127352784,0.5065277711210214,-0.8135846059581358
2025-03-27 16:35:27.752,-0.33675,-0.926,0.48675,0.2828855096090885,0.03854211312735267,0.5065277711210214,-0.8135846059581358
2025-03-27 16:35:27.799,-0.29875,-1.01075,0.526,0.2828855096090885,0.03854211312735267,0.5065277711210214,-0.8135846059581358
2025-03-27 16:35:27.802,-0.47275,-0.981,0.565,0.2828855096090885,0.03854211312735267,0.5065277711210214,-0.8135846059581358
2025-03-27 16:35:27.931,-0.345,-0.82075,0.48975,0.2828855096090885,0.03854211312735267,0.5065277711210214,-0.8135846059581358
2025-03-27 16:35:27.983,-0.3415,-0.76475,0.6035,0.2828855096090885,0.03854211312735267,0.5065277711210214,-0.8135846059581358
2025-03-27 16:35:28.043,-0.3735,-0.589,0.521,0.2828855096090885,0.03854211312735267,0.5065277711210214,-0.8135846059581358
2025-03-27 16:35:28.112,-0.483,-0.577,0.5595,0.2828855096090886,0.03854211312735256,0.5065277711210213,-0.8135846059581355
2025-03-27 16:35:28.113,-0.4225,-0.601,0.6755,0.2828855096090886,0.03854211312735256,0.5065277711210213,-0.8135846059581355
2025-03-27 16:35:28.133,-0.3955,-0.514,0.66425,0.2828855096090885,0.03854211312735267,0.5065277711210214,-0.8135846059581358
2025-03-27 16:35:28.193,-0.424,-0.3965,0.712,0.2828855096090885,0.03854211312735267,0.5065277711210214,-0.8135846059581358
2025-03-27 16:35:28.196,-0.3426666666666667,-0.429,0.8316666666666667,0.2828855096090884,0.038542113127352784,0.5065277711210214,-0.8135846059581358
2025-03-27 16:35:28.197,-0.303,-0.406,0.852,0.2828855096090886,0.03854211312735256,0.5065277711210213,-0.8135846059581355
2025-03-27 16:35:28.203,-0.40399999999999997,-0.40599999999999997,0.8916666666666666,0.2828855096090884,0.038542113127352784,0.5065277711210214,-0.8135846059581358
2025-03-27 16:35:28.204,-0.464,-0.386,0.861,0.2828855096090886,0.03854211312735256,0.5065277711210213,-0.8135846059581355
2025-03-27 16:35:28.224,-0.364,-0.42125,0.89075,-0.3312759532237671,-0.1104219273096625,-0.3093003670961487,0.8845318104506427
2025-03-27 16:35:28.287,-0.35225,-0.4205,0.8815,0.3433660163208378,0.13260618542054226,0.24165127183272847,-0.8978418798684968
2025-03-27 16:35:28.293,-0.41274999999999995,-0.3785,0.8454999999999999,0.3433660163208378,0.13260618542054226,0.24165127183272847,-0.8978418798684968
2025-03-27 16:35:28.393,-0.41825,-0.38575000000000004,0.8140000000000001,0.3433660163208378,0.13260618542054226,0.24165127183272847,-0.8978418798684968
2025-03-27 16:35:28.395,-0.45925,-0.35575,0.803,0.3433660163208378,0.13260618542054226,0.24165127183272847,-0.8978418798684968
2025-03-27 16:35:28.403,-0.4365,-0.37825,0.831,0.3433660163208378,0.13260618542054226,0.24165127183272847,-0.8978418798684968
2025-03-27 16:35:28.426,-0.4065,-0.43174999999999997,0.87475,0.3433660163208378,0.13260618542054226,0.24165127183272847,-0.8978418798684968
2025-03-27 16:35:28.538,-0.3775,-0.4325,0.8875,0.3433660163208378,0.13260618542054226,0.24165127183272836,-0.8978418798684967
2025-03-27 16:35:28.539,-0.3745,-0.40900000000000003,0.8674999999999999,0.3433660163208378,0.13260618542054226,0.24165127183272836,-0.8978418798684967
2025-03-27 16:35:28.585,-0.33475,-0.39225,0.863,0.3520675299667554,0.13312662857314173,0.23902190125650968,-0.8950945680918749
2025-03-27 16:35:28.590,-0.3585,-0.3855,0.827,0.3520675299667554,0.13312662857314173,0.23902190125650968,-0.8950945680918749
2025-03-27 16:35:28.692,-0.38566666666666666,-0.38033333333333336,0.816,0.3520675299667555,0.1331266285731415,0.23902190125650963,-0.8950945680918748
2025-03-27 16:35:28.693,-0.373,-0.386,0.828,0.3520675299667554,0.1331266285731415,0.23902190125650963,-0.8950945680918747
2025-03-27 16:35:28.697,-0.389,-0.3965,0.84475,0.3520675299667554,0.13312662857314173,0.23902190125650968,-0.8950945680918749
2025-03-27 16:35:28.718,-0.3925,-0.40275,0.84,0.3520675299667554,0.13312662857314173,0.23902190125650968,-0.8950945680918749
2025-03-27 16:35:28.741,-0.42074999999999996,-0.4255,0.8775,0.3520675299667554,0.13312662857314173,0.23902190125650968,-0.8950945680918749
2025-03-27 16:35:28.796,-0.3985,-0.43025,0.87175,0.3520675299667554,0.13312662857314173,0.23902190125650968,-0.8950945680918749
2025-03-27 16:35:28.811,-0.419,-0.42,0.851,0.3520675299667554,0.1331266285731415,0.23902190125650963,-0.8950945680918747
2025-03-27 16:35:28.812,-0.4083333333333334,-0.4106666666666667,0.8396666666666667,0.3520675299667555,0.1331266285731415,0.23902190125650963,-0.8950945680918748
2025-03-27 16:35:28.892,-0.4135,-0.4035,0.8342499999999999,0.3520675299667554,0.13312662857314173,0.23902190125650968,-0.8950945680918749
2025-03-27 16:35:28.900,-0.397,-0.4,0.826,0.3520675299667554,0.1331266285731415,0.23902190125650963,-0.8950945680918747
2025-03-27 16:35:28.901,-0.39233333333333337,-0.4046666666666667,0.8416666666666667,0.3520675299667555,0.1331266285731415,0.23902190125650963,-0.8950945680918748
2025-03-27 16:35:28.984,-0.383,-0.41425,0.84925,-0.3479767756407408,-0.1328508211766365,-0.24259521934652656,0.895773622338578
2025-03-27 16:35:28.989,-0.361,-0.404,0.8055,0.34661088617081437,0.13275799976680092,0.24378469004258457,-0.895993991043825
2025-03-27 16:35:28.990,-0.383,-0.3945,0.7895000000000001,0.34661088617081437,0.13275799976680092,0.24378469004258457,-0.895993991043825
2025-03-27 16:35:29.035,-0.3855,-0.398,0.844,0.34661088617081437,0.13275799976680092,0.24378469004258457,-0.8959939910438249
2025-03-27 16:35:29.108,-0.404,-0.421,0.8594999999999999,0.34661088617081437,0.13275799976680092,0.24378469004258457,-0.8959939910438249
2025-03-27 16:35:29.196,-0.4083333333333334,-0.4136666666666666,0.818,0.3466108861708143,0.13275799976680114,0.24378469004258457,-0.8959939910438249
2025-03-27 16:35:29.197,-0.423,-0.418,0.817,0.34661088617081437,0.13275799976680092,0.24378469004258457,-0.895993991043825
2025-03-27 16:35:29.213,-0.40775,-0.43674999999999997,0.83,0.34661088617081437,0.13275799976680092,0.24378469004258457,-0.8959939910438249
2025-03-27 16:35:29.293,-0.40275,-0.439,0.8302499999999999,0.34661088617081437,0.13275799976680092,0.24378469004258457,-0.8959939910438249
2025-03-27 16:35:29.392,-0.39725,-0.45325000000000004,0.83775,0.34661088617081437,0.13275799976680092,0.24378469004258457,-0.8959939910438249
2025-03-27 16:35:29.396,-0.398,-0.473,0.869,0.34661088617081437,0.13275799976680092,0.24378469004258457,-0.895993991043825
2025-03-27 16:35:29.397,-0.36800000000000005,-0.4789999999999999,0.8649999999999999,0.3466108861708143,0.13275799976680114,0.24378469004258457,-0.8959939910438249
2025-03-27 16:35:29.400,-0.3355,-0.4605,0.83275,0.34661088617081437,0.13275799976680092,0.24378469004258457,-0.8959939910438249
2025-03-27 16:35:29.437,-0.39425,-0.411,0.7857500000000001,-0.3460993145987972,-0.13063492706446433,-0.25113861828264666,0.8944714498921631
2025-03-27 16:35:29.483,-0.43,-0.46925,0.8302499999999999,0.3444371376550246,0.12421618044286242,0.2731135889134988,-0.8895742612457875
2025-03-27 16:35:29.595,-0.419,-0.424,0.7435,0.3444371376550246,0.12421618044286242,0.2731135889134988,-0.8895742612457875
2025-03-27 16:35:29.618,-0.42825,-0.45999999999999996,0.63125,0.3444371376550246,0.12421618044286242,0.2731135889134988,-0.8895742612457875
2025-03-27 16:35:29.640,-0.43674999999999997,-0.58525,0.627,0.3444371376550246,0.12421618044286242,0.2731135889134988,-0.8895742612457875
2025-03-27 16:35:29.691,-0.43174999999999997,-0.73825,0.69575,0.3444371376550246,0.12421618044286242,0.2731135889134988,-0.8895742612457875
2025-03-27 16:35:29.708,-0.46625,-0.717,0.5925,0.3444371376550246,0.12421618044286242,0.2731135889134988,-0.8895742612457875
2025-03-27 16:35:29.731,-0.4255,-0.74125,0.61225,0.3444371376550246,0.12421618044286242,0.2731135889134988,-0.8895742612457875
2025-03-27 16:35:29.794,-0.428,-0.6903333333333332,0.4936666666666667,0.3444371376550245,0.12421618044286253,0.27311358891349874,-0.8895742612457875
2025-03-27 16:35:29.795,-0.402,-0.647,0.439,0.3444371376550246,0.12421618044286242,0.2731135889134988,-0.8895742612457875
2025-03-27 16:35:29.799,-0.46275,-0.70225,0.49774999999999997,0.3444371376550246,0.12421618044286242,0.2731135889134988,-0.8895742612457875
2025-03-27 16:35:29.820,-0.42075,-0.79,0.54025,-0.31305454049390624,-0.09557567633140251,-0.4312030456928744,0.8407889617229365
2025-03-27 16:35:29.843,-0.38166666666666665,-0.8116666666666666,0.4613333333333333,0.3007365049926013,0.08554469485590288,0.48046636891010036,-0.8193849694088787
2025-03-27 16:35:29.844,-0.37,-0.804,0.474,0.30073650499260124,0.08554469485590288,0.48046636891010036,-0.8193849694088786
2025-03-27 16:35:29.895,-0.403,-0.8485,0.53025,0.3007365049926013,0.08554469485590288,0.4804663689101004,-0.8193849694088786
2025-03-27 16:35:29.934,-0.3225,-0.8185,0.50375,0.3007365049926013,0.08554469485590288,0.4804663689101004,-0.8193849694088786
2025-03-27 16:35:29.998,-0.3615,-0.82075,0.50475,0.3007365049926013,0.08554469485590288,0.4804663689101004,-0.8193849694088786
2025-03-27 16:35:30.002,-0.34,-0.876,0.542,0.30073650499260124,0.08554469485590288,0.48046636891010036,-0.8193849694088786
2025-03-27 16:35:30.003,-0.2976666666666667,-0.8836666666666666,0.5546666666666668,0.3007365049926013,0.08554469485590288,0.48046636891010036,-0.8193849694088787
2025-03-27 16:35:30.009,-0.265,-0.7845,0.47875,0.3007365049926013,0.08554469485590288,0.4804663689101004,-0.8193849694088786
2025-03-27 16:35:30.023,-0.33299999999999996,-0.7907500000000001,0.5005,0.3007365049926013,0.08554469485590288,0.4804663689101004,-0.8193849694088786
2025-03-27 16:35:30.093,-0.361,-0.816,0.516,0.30073650499260124,0.08554469485590288,0.48046636891010036,-0.8193849694088786
2025-03-27 16:35:30.094,-0.3363333333333333,-0.8169999999999998,0.48233333333333334,0.3007365049926013,0.08554469485590288,0.48046636891010036,-0.8193849694088787
2025-03-27 16:35:30.097,-0.347,-0.8165,0.45,0.3007365049926013,0.08554469485590288,0.4804663689101004,-0.8193849694088786
2025-03-27 16:35:30.114,-0.39025,-0.89075,0.4975,0.3007365049926013,0.08554469485590288,0.4804663689101004,-0.8193849694088786
2025-03-27 16:35:30.136,-0.334,-0.9572499999999999,0.531,0.22761134263380803,0.06259311922429678,0.5012149772172152,-0.8325014863310181
2025-03-27 16:35:30.207,-0.347,-0.9375,0.481,0.22761134263380803,0.06259311922429678,0.5012149772172153,-0.8325014863310181
2025-03-27 16:35:30.208,-0.363,-0.934,0.487,0.22761134263380803,0.06259311922429678,0.5012149772172153,-0.8325014863310181
2025-03-27 16:35:30.225,-0.3835,-0.94225,0.52375,0.22761134263380803,0.06259311922429678,0.5012149772172152,-0.8325014863310181
2025-03-27 16:35:30.289,-0.34625,-0.88725,0.50425,0.22761134263380803,0.06259311922429678,0.5012149772172152,-0.8325014863310181
2025-03-27 16:35:30.293,-0.3365,-0.80975,0.493,0.22761134263380803,0.06259311922429678,0.5012149772172152,-0.8325014863310181
2025-03-27 16:35:30.339,-0.31775,-0.749,0.5225,0.22761134263380803,0.06259311922429678,0.5012149772172152,-0.8325014863310181
2025-03-27 16:35:30.404,-0.30674999999999997,-0.66925,0.5005,0.22761134263380803,0.06259311922429678,0.5012149772172152,-0.8325014863310181
2025-03-27 16:35:30.408,-0.3215,-0.652,0.4965,0.22761134263380803,0.06259311922429678,0.5012149772172152,-0.8325014863310181
2025-03-27 16:35:30.450,-0.34199999999999997,-0.6757500000000001,0.5345,0.22761134263380803,0.06259311922429678,0.5012149772172152,-0.8325014863310181
2025-03-27 16:35:30.501,-0.371,-0.68525,0.5295000000000001,0.22761134263380803,0.06259311922429678,0.5012149772172152,-0.8325014863310181
2025-03-27 16:35:30.541,-0.3225,-0.68475,0.52125,-0.25794318455463217,-0.07016070414844833,-0.47631687252398197,0.837654478937576
2025-03-27 16:35:30.591,-0.3305,-0.71275,0.5589999999999999,0.2878561891850749,0.07761436507314357,0.4506453445336939,-0.8414473234446986
2025-03-27 16:35:30.608,-0.3275,-0.702,0.536,0.2878561891850749,0.07761436507314357,0.4506453445336939,-0.8414473234446986
2025-03-27 16:35:30.699,-0.30225,-0.64225,0.488,0.2878561891850749,0.07761436507314357,0.4506453445336939,-0.8414473234446986
2025-03-27 16:35:30.720,-0.33875,-0.68775,0.511,0.2878561891850749,0.07761436507314357,0.4506453445336939,-0.8414473234446986
2025-03-27 16:35:30.743,-0.379,-0.7525,0.48475,0.2878561891850749,0.07761436507314357,0.4506453445336939,-0.8414473234446986
2025-03-27 16:35:30.787,-0.38575000000000004,-0.87125,0.53075,0.2878561891850749,0.07761436507314357,0.4506453445336939,-0.8414473234446986
2025-03-27 16:35:30.811,-0.3885,-0.9245000000000001,0.531,0.2878561891850749,0.07761436507314357,0.4506453445336939,-0.8414473234446986
2025-03-27 16:35:30.886,-0.352,-0.88275,0.51725,0.2878561891850749,0.07761436507314357,0.4506453445336939,-0.8414473234446986
2025-03-27 16:35:30.923,-0.3365,-0.841,0.5135000000000001,-0.2751466617440544,-0.06485657225363561,-0.4653351464413493,0.8387795545034588
2025-03-27 16:35:30.990,-0.359,-0.854,0.521,0.2622865738745668,0.052063289876501107,0.4797703166606348,-0.8356528048560187
2025-03-27 16:35:30.991,-0.2856666666666667,-0.8606666666666666,0.522,0.2622865738745667,0.05206328987650122,0.47977031666063463,-0.8356528048560186
2025-03-27 16:35:30.994,-0.29725,-0.8075,0.5,0.2622865738745668,0.052063289876501107,0.4797703166606348,-0.8356528048560187
2025-03-27 16:35:31.013,-0.286,-0.8005,0.483,0.2622865738745668,0.052063289876501107,0.4797703166606348,-0.8356528048560187
2025-03-27 16:35:31.080,-0.2935,-0.808,0.511,0.2622865738745668,0.052063289876501107,0.4797703166606348,-0.8356528048560187
2025-03-27 16:35:31.081,-0.278,-0.8205,0.524,0.2622865738745668,0.052063289876501107,0.4797703166606348,-0.8356528048560187
2025-03-27 16:35:31.103,-0.27949999999999997,-0.837,0.48925,0.2622865738745668,0.052063289876501107,0.4797703166606348,-0.8356528048560187
2025-03-27 16:35:31.148,-0.33275,-0.86525,0.5085,0.2622865738745668,0.052063289876501107,0.4797703166606348,-0.8356528048560187
2025-03-27 16:35:31.192,-0.2955,-0.98075,0.5695,0.2622865738745668,0.052063289876501107,0.4797703166606348,-0.8356528048560187
2025-03-27 16:35:31.239,-0.298,-1.0,0.573,0.2622865738745668,0.052063289876501107,0.4797703166606348,-0.8356528048560187
2025-03-27 16:35:31.240,-0.35933333333333334,-1.0073333333333332,0.5763333333333333,0.2622865738745667,0.05206328987650122,0.47977031666063463,-0.8356528048560186
2025-03-27 16:35:31.286,-0.36175,-0.99825,0.58175,0.2622865738745668,0.052063289876501107,0.4797703166606348,-0.8356528048560187
2025-03-27 16:35:31.306,-0.447,-0.9524999999999999,0.63425,-0.2623682444738362,-0.0714286105668348,-0.4758937779805099,0.8364125596639769
2025-03-27 16:35:31.328,-0.45499999999999996,-0.813,0.5795,0.2623474269279379,0.09076602930652089,0.47183134229634854,-0.8368455890635047
2025-03-27 16:35:31.329,-0.36150000000000004,-0.6735,0.5195000000000001,0.2623474269279379,0.09076602930652089,0.47183134229634854,-0.8368455890635047
2025-03-27 16:35:31.395,-0.4155,-0.52825,0.4985,0.262347426927938,0.09076602930652089,0.47183134229634854,-0.8368455890635046
2025-03-27 16:35:31.418,-0.481,-0.4185,0.5235,0.262347426927938,0.09076602930652089,0.47183134229634854,-0.8368455890635046
2025-03-27 16:35:31.501,-0.538,-0.35,0.58025,0.262347426927938,0.09076602930652089,0.47183134229634854,-0.8368455890635046
2025-03-27 16:35:31.508,-0.536,-0.372,0.658,0.2623474269279379,0.09076602930652089,0.47183134229634854,-0.8368455890635047
2025-03-27 16:35:31.509,-0.4896666666666667,-0.3333333333333333,0.6776666666666666,0.2623474269279379,0.090766029306521,0.4718313422963485,-0.8368455890635046
2025-03-27 16:35:31.530,-0.488,-0.3155,0.8155,0.262347426927938,0.09076602930652089,0.47183134229634854,-0.8368455890635046
2025-03-27 16:35:31.597,-0.473,-0.31,0.787,0.2623474269279379,0.09076602930652089,0.47183134229634854,-0.8368455890635047
2025-03-27 16:35:31.598,-0.43166666666666664,-0.2936666666666667,0.798,0.2623474269279379,0.090766029306521,0.4718313422963485,-0.8368455890635046
2025-03-27 16:35:31.620,-0.4445,-0.31725000000000003,0.89125,0.262347426927938,0.09076602930652089,0.47183134229634854,-0.8368455890635046
2025-03-27 16:35:31.711,-0.4255,-0.27075000000000005,0.823,0.262347426927938,0.09076602930652089,0.47183134229634854,-0.8368455890635046
2025-03-27 16:35:31.733,-0.48850000000000005,-0.296,0.87425,0.262347426927938,0.09076602930652089,0.47183134229634854,-0.8368455890635046
2025-03-27 16:35:31.787,-0.47725,-0.28075,0.87575,0.262347426927938,0.09076602930652089,0.47183134229634854,-0.8368455890635046
2025-03-27 16:35:31.800,-0.4836666666666667,-0.3036666666666667,0.8850000000000001,-0.33155552102842156,-0.15403329898541507,-0.2904403829572108,0.8843014549501266
2025-03-27 16:35:31.801,-0.473,-0.295,0.864,0.3602508482477975,0.1826605708365766,0.19660137761162164,-0.8934217036313871
2025-03-27 16:35:31.823,-0.4415,-0.2705,0.859,0.3602508482477975,0.1826605708365766,0.19660137761162164,-0.8934217036313872
2025-03-27 16:35:31.889,-0.4575,-0.278,0.8705,0.3602508482477975,0.1826605708365766,0.19660137761162164,-0.8934217036313871
2025-03-27 16:35:31.890,-0.445,-0.279,0.8634999999999999,0.3602508482477975,0.1826605708365766,0.19660137761162164,-0.8934217036313871
2025-03-27 16:35:31.993,-0.43174999999999997,-0.274,0.8634999999999999,0.3602508482477975,0.1826605708365766,0.19660137761162164,-0.8934217036313872
2025-03-27 16:35:31.997,-0.445,-0.2665,0.8465,0.3602508482477975,0.1826605708365766,0.19660137761162164,-0.8934217036313872
2025-03-27 16:35:32.003,-0.45375,-0.2645,0.85125,0.3602508482477975,0.1826605708365766,0.19660137761162164,-0.8934217036313872
2025-03-27 16:35:32.025,-0.4745,-0.27575,0.85975,0.3602508482477975,0.1826605708365766,0.19660137761162164,-0.8934217036313872
2025-03-27 16:35:32.093,-0.479,-0.27849999999999997,0.86675,0.3602508482477975,0.1826605708365766,0.19660137761162164,-0.8934217036313872
2025-03-27 16:35:32.138,-0.46225,-0.2835,0.8594999999999999,0.3602508482477975,0.1826605708365766,0.19660137761162164,-0.8934217036313872
2025-03-27 16:35:32.206,-0.4635,-0.27975,0.85325,0.3602508482477975,0.1826605708365766,0.19660137761162164,-0.8934217036313872
2025-03-27 16:35:32.281,-0.453,-0.274,0.84375,0.3602508482477975,0.1826605708365766,0.19660137761162164,-0.8934217036313872
2025-03-27 16:35:32.285,-0.4745,-0.265,0.849,-0.36215929085409976,-0.1810871309440819,-0.19610314400758566,0.8930798709885006
2025-03-27 16:35:32.286,-0.4645,-0.261,0.836,0.3640653855989017,0.17951251707230775,0.1956036390761708,-0.8927322485511806
2025-03-27 16:35:32.296,-0.4563333333333333,-0.26766666666666666,0.831,0.3640653855989017,0.17951251707230786,0.19560363907617082,-0.8927322485511804
2025-03-27 16:35:32.297,-0.465,-0.283,0.854,0.3640653855989017,0.17951251707230775,0.1956036390761708,-0.8927322485511806
2025-03-27 16:35:32.396,-0.462,-0.291,0.8634999999999999,0.3640653855989017,0.17951251707230775,0.1956036390761708,-0.8927322485511806
2025-03-27 16:35:32.397,-0.444,-0.291,0.8645,0.3640653855989017,0.17951251707230775,0.1956036390761708,-0.8927322485511806
2025-03-27 16:35:32.400,-0.44025000000000003,-0.3095,0.8875,0.3640653855989017,0.17951251707230786,0.19560363907617082,-0.8927322485511805
2025-03-27 16:35:32.432,-0.429,-0.3215,0.8965000000000001,0.3640653855989017,0.17951251707230775,0.1956036390761708,-0.8927322485511806
2025-03-27 16:35:32.433,-0.434,-0.317,0.8895,0.3640653855989017,0.17951251707230775,0.1956036390761708,-0.8927322485511806
2025-03-27 16:35:32.487,-0.42525,-0.30774999999999997,0.8585,0.3640653855989017,0.17951251707230786,0.19560363907617082,-0.8927322485511805
2025-03-27 16:35:32.494,-0.42425,-0.30525,0.8415,0.3640653855989017,0.17951251707230786,0.19560363907617082,-0.8927322485511805
2025-03-27 16:35:32.522,-0.41025,-0.298,0.716,0.3640653855989017,0.17951251707230786,0.19560363907617082,-0.8927322485511805
2025-03-27 16:35:32.543,-0.443,-0.309,0.684,0.3640653855989017,0.17951251707230775,0.1956036390761708,-0.8927322485511806
2025-03-27 16:35:32.544,-0.42700000000000005,-0.36433333333333334,0.7360000000000001,0.3640653855989017,0.17951251707230786,0.19560363907617082,-0.8927322485511804
2025-03-27 16:35:32.633,-0.44,-0.412,0.765,0.3640653855989017,0.17951251707230775,0.1956036390761708,-0.8927322485511806
2025-03-27 16:35:32.634,-0.4036666666666667,-0.4326666666666667,0.7273333333333333,0.36348646750378255,0.16499201400091934,0.3173431075449852,-0.8602026362149993
2025-03-27 16:35:32.706,-0.45075,-0.48124999999999996,0.67225,0.36348646750378255,0.16499201400091912,0.3173431075449852,-0.8602026362149992
2025-03-27 16:35:32.723,-0.49024999999999996,-0.5555,0.55975,0.36348646750378255,0.16499201400091912,0.3173431075449852,-0.8602026362149992
2025-03-27 16:35:32.784,-0.546,-0.6797500000000001,0.55275,0.36348646750378255,0.16499201400091912,0.3173431075449852,-0.8602026362149992
2025-03-27 16:35:32.792,-0.645,-0.75,0.51875,0.36348646750378255,0.16499201400091912,0.3173431075449852,-0.8602026362149992
2025-03-27 16:35:32.882,-0.5885,-0.8275,0.49075,0.36348646750378255,0.16499201400091912,0.3173431075449852,-0.8602026362149992
2025-03-27 16:35:32.890,-0.47475,-0.86775,0.5245,0.36348646750378255,0.16499201400091912,0.3173431075449852,-0.8602026362149992
2025-03-27 16:35:32.988,-0.62575,-0.8955,0.431,0.36348646750378255,0.16499201400091912,0.3173431075449852,-0.8602026362149992
2025-03-27 16:35:32.995,-0.4163333333333334,-0.745,0.25633333333333336,0.36348646750378255,0.16499201400091934,0.3173431075449852,-0.8602026362149993
2025-03-27 16:35:32.996,-0.434,-0.842,0.469,0.36348646750378255,0.16499201400091912,0.3173431075449852,-0.8602026362149992
2025-03-27 16:35:33.016,-0.5025,-0.89975,0.49225,0.36348646750378255,0.16499201400091912,0.3173431075449852,-0.8602026362149992
2025-03-27 16:35:33.088,-0.356,-0.9185,0.549,0.36348646750378255,0.16499201400091912,0.3173431075449852,-0.8602026362149992
2025-03-27 16:35:33.089,-0.386,-0.8734999999999999,0.5325,0.36348646750378255,0.16499201400091912,0.3173431075449852,-0.8602026362149992
2025-03-27 16:35:33.091,-0.381,-0.74775,0.47025,-0.32668683116467095,-0.13285655727305645,-0.4013972014216283,0.8452840565301238
2025-03-27 16:35:33.106,-0.35575,-0.738,0.45125,0.2867266449361984,0.0994357724041931,0.4815679557831152,-0.8221877293008479
2025-03-27 16:35:33.128,-0.39825,-0.7987500000000001,0.5165,0.2867266449361984,0.0994357724041931,0.4815679557831152,-0.8221877293008479
2025-03-27 16:35:33.154,-0.45225,-0.78725,0.49875,0.2867266449361984,0.0994357724041931,0.4815679557831152,-0.8221877293008479
2025-03-27 16:35:33.204,-0.45275,-0.88825,0.5265,0.2867266449361984,0.0994357724041931,0.4815679557831152,-0.8221877293008479
2025-03-27 16:35:33.292,-0.4775,-0.9524999999999999,0.5635,0.2867266449361984,0.0994357724041931,0.4815679557831152,-0.8221877293008479
2025-03-27 16:35:33.312,-0.41725,-0.8734999999999999,0.531,0.2867266449361984,0.0994357724041931,0.4815679557831152,-0.8221877293008479
2025-03-27 16:35:33.330,-0.40575,-0.82375,0.5105,0.2867266449361984,0.0994357724041931,0.4815679557831152,-0.8221877293008479
2025-03-27 16:35:33.386,-0.447,-0.77375,0.50575,0.2867266449361984,0.0994357724041931,0.4815679557831152,-0.8221877293008479
2025-03-27 16:35:33.398,-0.441,-0.7152499999999999,0.51875,-0.28936864679465746,-0.11312482499603305,-0.47041353714256534,0.8259416833499001
2025-03-27 16:35:33.487,-0.4395,-0.657,0.49225,0.2919143225875605,0.12677622019330292,0.45910252556867853,-0.8294206949903081
2025-03-27 16:35:33.494,-0.4435,-0.6054999999999999,0.4685,0.29191432258756045,0.1267762201933027,0.4591025255686785,-0.8294206949903081
2025-03-27 16:35:33.495,-0.46950000000000003,-0.6025,0.502,0.29191432258756045,0.1267762201933027,0.4591025255686785,-0.8294206949903081
2025-03-27 16:35:33.512,-0.42725,-0.60525,0.53425,0.2919143225875605,0.12677622019330292,0.45910252556867853,-0.8294206949903081
2025-03-27 16:35:33.624,-0.38325,-0.59425,0.527,0.2919143225875605,0.12677622019330292,0.45910252556867853,-0.8294206949903081
2025-03-27 16:35:33.645,-0.41,-0.594,0.519,0.29191432258756045,0.1267762201933027,0.4591025255686785,-0.8294206949903081
2025-03-27 16:35:33.646,-0.39033333333333337,-0.591,0.5303333333333334,0.2919143225875605,0.1267762201933026,0.4591025255686786,-0.829420694990308
2025-03-27 16:35:33.698,-0.386,-0.589,0.523,0.29191432258756045,0.1267762201933027,0.4591025255686785,-0.8294206949903081
2025-03-27 16:35:33.699,-0.4033333333333333,-0.6053333333333333,0.523,0.2919143225875605,0.1267762201933026,0.4591025255686786,-0.829420694990308
2025-03-27 16:35:33.702,-0.423,-0.617,0.524,0.29191432258756045,0.1267762201933027,0.4591025255686785,-0.8294206949903081
2025-03-27 16:35:33.703,-0.4466666666666667,-0.6063333333333333,0.49300000000000005,0.2919143225875605,0.1267762201933026,0.4591025255686786,-0.829420694990308
2025-03-27 16:35:33.736,-0.42774999999999996,-0.61475,0.492,0.2919143225875605,0.12677622019330292,0.45910252556867853,-0.8294206949903081
2025-03-27 16:35:33.798,-0.49475,-0.67125,0.492,0.2919143225875605,0.12677622019330292,0.45910252556867853,-0.8294206949903081
2025-03-27 16:35:33.803,-0.535,-0.6839999999999999,0.438,0.29191432258756045,0.1267762201933027,0.4591025255686785,-0.8294206949903081
2025-03-27 16:35:33.804,-0.5335000000000001,-0.7364999999999999,0.45899999999999996,0.2751630496694257,0.1434068010997479,0.4688022330511841,-0.8270092210980368
2025-03-27 16:35:33.826,-0.51425,-0.77825,0.48124999999999996,0.27516304966942556,0.1434068010997479,0.4688022330511841,-0.8270092210980371
2025-03-27 16:35:33.895,-0.5327500000000001,-0.8222499999999999,0.481,0.27516304966942556,0.1434068010997479,0.4688022330511841,-0.8270092210980371
2025-03-27 16:35:33.937,-0.542,-0.829,0.478,0.2751630496694257,0.1434068010997479,0.4688022330511841,-0.8270092210980368
2025-03-27 16:35:33.938,-0.48333333333333334,-0.775,0.438,0.27516304966942545,0.14340680109974802,0.46880223305118424,-0.8270092210980371
2025-03-27 16:35:33.998,-0.45925,-0.8089999999999999,0.46925,0.27516304966942556,0.1434068010997479,0.4688022330511841,-0.8270092210980371
2025-03-27 16:35:34.091,-0.4765,-0.83575,0.48125,0.27516304966942556,0.1434068010997479,0.4688022330511841,-0.8270092210980371
2025-03-27 16:35:34.094,-0.44175,-0.8305,0.46799999999999997,0.27516304966942556,0.1434068010997479,0.4688022330511841,-0.8270092210980371
2025-03-27 16:35:34.099,-0.4405,-0.8454999999999999,0.47450000000000003,0.2751630496694257,0.1434068010997479,0.4688022330511841,-0.8270092210980368
2025-03-27 16:35:34.100,-0.4275,-0.7625,0.4145,0.2751630496694257,0.1434068010997479,0.4688022330511841,-0.8270092210980368
2025-03-27 16:35:34.119,-0.465,-0.8202499999999999,0.48875,0.27516304966942556,0.1434068010997479,0.4688022330511841,-0.8270092210980371
2025-03-27 16:35:34.190,-0.447,-0.80975,0.42974999999999997,0.27516304966942556,0.1434068010997479,0.4688022330511841,-0.8270092210980371
2025-03-27 16:35:34.290,-0.4203333333333333,-0.8306666666666667,0.4736666666666667,0.24769806586085039,0.11887867041698708,0.498696372424789,-0.8220799584097884
2025-03-27 16:35:34.291,-0.453,-0.845,0.494,0.24769806586085047,0.11887867041698708,0.4986963724247891,-0.8220799584097884
2025-03-27 16:35:34.294,-0.427,-0.8494999999999999,0.485,0.24769806586085036,0.11887867041698719,0.4986963724247891,-0.8220799584097884
2025-03-27 16:35:34.299,-0.435,-0.8945000000000001,0.50825,0.24769806586085036,0.11887867041698719,0.4986963724247891,-0.8220799584097884
2025-03-27 16:35:34.322,-0.398,-0.896,0.523,0.24769806586085047,0.11887867041698708,0.4986963724247891,-0.8220799584097884
2025-03-27 16:35:34.323,-0.428,-0.8930000000000001,0.52,0.24769806586085039,0.11887867041698708,0.498696372424789,-0.8220799584097884
2025-03-27 16:35:34.382,-0.48675,-0.87925,0.51725,0.24769806586085036,0.11887867041698719,0.4986963724247891,-0.8220799584097884
2025-03-27 16:35:34.412,-0.5405,-0.8955,0.5894999999999999,0.24769806586085036,0.11887867041698719,0.4986963724247891,-0.8220799584097884
2025-03-27 16:35:34.436,-0.46575,-0.724,0.54575,0.24769806586085036,0.11887867041698719,0.4986963724247891,-0.8220799584097884
2025-03-27 16:35:34.498,-0.367,-0.42725,0.40375,0.24769806586085036,0.11887867041698719,0.4986963724247891,-0.8220799584097884
2025-03-27 16:35:34.597,-0.4185,-0.37525,0.46825000000000006,0.24769806586085036,0.11887867041698719,0.4986963724247891,-0.8220799584097884
2025-03-27 16:35:34.636,-0.5905,-0.447,0.6915,0.24769806586085036,0.11887867041698719,0.4986963724247891,-0.8220799584097884
2025-03-27 16:35:34.699,-0.459,-0.49924999999999997,0.815,0.24769806586085036,0.11887867041698719,0.4986963724247891,-0.8220799584097884
2025-03-27 16:35:34.748,-0.358,-0.465,0.78575,-0.2650408622412932,-0.13482894389515254,-0.44200422880340234,0.8462899969575556
2025-03-27 16:35:34.793,-0.435,-0.3525,0.8089999999999999,0.3108391428565081,0.17991107972423181,0.25672581031688496,-0.8972752581999747
2025-03-27 16:35:34.798,-0.51875,-0.33275,0.8425,0.3108391428565081,0.17991107972423181,0.25672581031688496,-0.8972752581999747
2025-03-27 16:35:34.897,-0.46675,-0.32975,0.856,0.3108391428565081,0.17991107972423181,0.25672581031688496,-0.8972752581999747
2025-03-27 16:35:34.928,-0.481,-0.33575,0.82725,0.3108391428565081,0.17991107972423181,0.25672581031688496,-0.8972752581999747
2025-03-27 16:35:34.989,-0.5317500000000001,-0.3285,0.85775,0.3108391428565081,0.17991107972423181,0.25672581031688496,-0.8972752581999747
2025-03-27 16:35:35.079,-0.4365,-0.3575,0.89525,0.3108391428565081,0.17991107972423181,0.25672581031688496,-0.8972752581999747
2025-03-27 16:35:35.082,-0.424,-0.3325,0.839,0.3108391428565081,0.17991107972423181,0.25672581031688496,-0.8972752581999747
2025-03-27 16:35:35.089,-0.437,-0.307,0.83,0.3108391428565081,0.17991107972423181,0.25672581031688496,-0.8972752581999747
2025-03-27 16:35:35.090,-0.4286666666666667,-0.31633333333333336,0.8463333333333333,0.310839142856508,0.17991107972423204,0.2567258103168849,-0.8972752581999748
2025-03-27 16:35:35.108,-0.4255,-0.32425000000000004,0.8565,0.3090715840105036,0.18049260469896666,0.20619439958351596,-0.9107035989753273
2025-03-27 16:35:35.132,-0.45375,-0.30725,0.8414999999999999,0.3090715840105036,0.18049260469896666,0.20619439958351596,-0.9107035989753273
2025-03-27 16:35:35.188,-0.45775,-0.32875,0.84675,0.3090715840105036,0.18049260469896666,0.20619439958351596,-0.9107035989753273
2025-03-27 16:35:35.198,-0.44725000000000004,-0.3255,0.84925,0.3090715840105036,0.18049260469896666,0.20619439958351596,-0.9107035989753273
2025-03-27 16:35:35.220,-0.466,-0.322,0.849,0.30907158401050355,0.18049260469896677,0.206194399583516,-0.9107035989753275
2025-03-27 16:35:35.221,-0.4343333333333333,-0.32466666666666666,0.8523333333333333,0.3090715840105035,0.18049260469896689,0.20619439958351604,-0.9107035989753275
2025-03-27 16:35:35.296,-0.4485,-0.3225,0.845,0.30907158401050355,0.18049260469896677,0.206194399583516,-0.9107035989753275
2025-03-27 16:35:35.297,-0.4565,-0.319,0.855,0.30907158401050355,0.18049260469896677,0.206194399583516,-0.9107035989753275
2025-03-27 16:35:35.311,-0.45975,-0.33125,0.828,0.3090715840105036,0.18049260469896666,0.20619439958351596,-0.9107035989753273
2025-03-27 16:35:35.424,-0.46,-0.33525,0.8614999999999999,0.3090715840105036,0.18049260469896666,0.20619439958351596,-0.9107035989753273
2025-03-27 16:35:35.446,-0.45925,-0.33575,0.86225,0.3090715840105036,0.18049260469896666,0.20619439958351596,-0.9107035989753273
2025-03-27 16:35:35.513,-0.435,-0.346,0.8285,0.30907158401050355,0.18049260469896677,0.206194399583516,-0.9107035989753275
2025-03-27 16:35:35.514,-0.436,-0.338,0.843,0.30907158401050355,0.18049260469896677,0.206194399583516,-0.9107035989753275
2025-03-27 16:35:35.537,-0.451,-0.34199999999999997,0.8485,0.3090715840105036,0.18049260469896666,0.20619439958351596,-0.9107035989753273
2025-03-27 16:35:35.603,-0.4545,-0.34125,0.8382499999999999,0.3090715840105036,0.18049260469896666,0.20619439958351596,-0.9107035989753273
2025-03-27 16:35:35.698,-0.4615,-0.3555,0.872,-0.3062915941046738,-0.1830938411254368,-0.21460702724590208,0.909178711024091
2025-03-27 16:35:35.699,-0.4735,-0.3515,0.8505,0.303484775394572,0.18567903992984558,0.2230008569718115,-0.9075741859618282
2025-03-27 16:35:35.700,-0.4605,-0.33475,0.82125,0.303484775394572,0.18567903992984558,0.2230008569718115,-0.9075741859618282
2025-03-27 16:35:35.703,-0.405,-0.354,0.796,0.303484775394572,0.18567903992984558,0.2230008569718115,-0.9075741859618282
2025-03-27 16:35:35.704,-0.388,-0.3915,0.7435,0.303484775394572,0.18567903992984558,0.2230008569718115,-0.9075741859618282
2025-03-27 16:35:35.738,-0.406,-0.346,0.67,0.303484775394572,0.18567903992984558,0.2230008569718115,-0.9075741859618282
2025-03-27 16:35:35.739,-0.4975,-0.3435,0.6944999999999999,0.303484775394572,0.18567903992984558,0.2230008569718115,-0.9075741859618282
2025-03-27 16:35:35.791,-0.5065,-0.47575,0.63925,0.303484775394572,0.18567903992984558,0.2230008569718115,-0.9075741859618282
2025-03-27 16:35:35.793,-0.56925,-0.578,0.62625,0.303484775394572,0.18567903992984558,0.2230008569718115,-0.9075741859618282
2025-03-27 16:35:35.805,-0.579,-0.633,0.639,0.303484775394572,0.18567903992984558,0.2230008569718115,-0.9075741859618282
2025-03-27 16:35:35.806,-0.5373333333333333,-0.7033333333333333,0.7246666666666667,0.3034847753945719,0.1856790399298459,0.22300085697181152,-0.9075741859618282
2025-03-27 16:35:35.828,-0.48175,-0.74825,0.62,0.303484775394572,0.18567903992984558,0.2230008569718115,-0.9075741859618282
2025-03-27 16:35:35.889,-0.42825,-0.65175,0.48425,-0.29057182500497486,-0.13749861320174306,-0.38598665534202586,0.8646828596536145
2025-03-27 16:35:35.896,-0.35025,-0.732,0.526,0.28436989369929927,0.12073420054267969,0.4369652027426812,-0.844759390577469
2025-03-27 16:35:35.920,-0.37775000000000003,-0.824,0.60075,0.28436989369929927,0.12073420054267969,0.4369652027426812,-0.844759390577469
2025-03-27 16:35:35.942,-0.39625,-0.8085,0.55375,0.28436989369929927,0.12073420054267969,0.4369652027426812,-0.844759390577469
2025-03-27 16:35:35.995,-0.35325,-0.75725,0.5355000000000001,0.28436989369929927,0.12073420054267969,0.4369652027426812,-0.844759390577469
2025-03-27 16:35:36.031,-0.357,-0.79625,0.523,0.28436989369929927,0.12073420054267969,0.4369652027426812,-0.844759390577469
2025-03-27 16:35:36.104,-0.43174999999999997,-0.821,0.5375,0.28436989369929927,0.12073420054267969,0.4369652027426812,-0.844759390577469
2025-03-27 16:35:36.121,-0.31475,-0.804,0.529,0.28436989369929927,0.12073420054267969,0.4369652027426812,-0.844759390577469
2025-03-27 16:35:36.184,-0.347,-0.796,0.5435000000000001,0.28436989369929927,0.12073420054267969,0.4369652027426812,-0.844759390577469
2025-03-27 16:35:36.185,-0.371,-0.7735000000000001,0.5185,0.28436989369929927,0.12073420054267969,0.4369652027426812,-0.844759390577469
2025-03-27 16:35:36.189,-0.34475,-0.7605,0.5,0.28436989369929927,0.12073420054267969,0.4369652027426812,-0.844759390577469
2025-03-27 16:35:36.234,-0.35650000000000004,-0.8285,0.55225,0.28436989369929927,0.12073420054267969,0.4369652027426812,-0.844759390577469
2025-03-27 16:35:36.300,-0.4195,-0.7635000000000001,0.46950000000000003,0.28436989369929927,0.12073420054267969,0.4369652027426812,-0.844759390577469
2025-03-27 16:35:36.306,-0.378,-0.8075,0.48225,-0.2577112138144647,-0.10790877169056257,-0.4571931205113925,0.8443429858911394
2025-03-27 16:35:36.323,-0.392,-0.87075,0.52025,0.23072149900769118,0.09494473198296649,0.4768337650810854,-0.8428420066910066
2025-03-27 16:35:36.414,-0.36124999999999996,-0.9395,0.5515,0.23072149900769118,0.09494473198296649,0.4768337650810854,-0.8428420066910066
2025-03-27 16:35:36.437,-0.393,-0.93425,0.49224999999999997,0.23072149900769118,0.09494473198296649,0.4768337650810854,-0.8428420066910066
2025-03-27 16:35:36.498,-0.399,-0.927,0.5,0.23072149900769118,0.09494473198296649,0.4768337650810854,-0.8428420066910066
2025-03-27 16:35:36.499,-0.4143333333333333,-0.9286666666666666,0.5166666666666667,0.2307214990076913,0.09494473198296605,0.4768337650810853,-0.8428420066910064
2025-03-27 16:35:36.589,-0.42625,-0.902,0.51125,0.23072149900769118,0.09494473198296649,0.4768337650810854,-0.8428420066910066
2025-03-27 16:35:36.593,-0.40225,-0.8352499999999999,0.48175,0.23072149900769118,0.09494473198296649,0.4768337650810854,-0.8428420066910066
2025-03-27 16:35:36.640,-0.44125000000000003,-0.8045,0.5035000000000001,0.23072149900769118,0.09494473198296649,0.4768337650810854,-0.8428420066910066
2025-03-27 16:35:36.690,-0.39275,-0.7035,0.493,0.23072149900769118,0.09494473198296649,0.4768337650810854,-0.8428420066910066
2025-03-27 16:35:36.728,-0.34875,-0.61825,0.49375,-0.2610849832779419,-0.1029080501233941,-0.46574025576097616,0.83924405204342
2025-03-27 16:35:36.795,-0.3275,-0.5625,0.5115000000000001,0.2911556955056489,0.11075597058889408,0.4541244807622283,-0.8347049969456097
2025-03-27 16:35:36.796,-0.3215,-0.527,0.4895,0.2911556955056489,0.11075597058889408,0.4541244807622283,-0.8347049969456097
2025-03-27 16:35:36.878,-0.328,-0.519,0.49075,0.2911556955056489,0.11075597058889408,0.4541244807622283,-0.8347049969456097
2025-03-27 16:35:36.891,-0.36375,-0.5755,0.52375,0.2911556955056489,0.11075597058889408,0.4541244807622283,-0.8347049969456097
2025-03-27 16:35:36.909,-0.354,-0.6355,0.536,0.2911556955056489,0.11075597058889408,0.4541244807622283,-0.8347049969456097
2025-03-27 16:35:36.936,-0.3735,-0.674,0.525,0.2911556955056489,0.11075597058889408,0.4541244807622283,-0.8347049969456097
2025-03-27 16:35:36.937,-0.3865,-0.6964999999999999,0.542,0.2911556955056489,0.11075597058889408,0.4541244807622283,-0.8347049969456097
2025-03-27 16:35:36.986,-0.38375000000000004,-0.68675,0.53025,0.2911556955056489,0.11075597058889408,0.4541244807622283,-0.8347049969456097
2025-03-27 16:35:36.989,-0.3495,-0.6685000000000001,0.482,0.2911556955056489,0.11075597058889408,0.4541244807622283,-0.8347049969456097
2025-03-27 16:35:36.990,-0.406,-0.7030000000000001,0.471,0.2911556955056489,0.11075597058889408,0.4541244807622283,-0.8347049969456097
2025-03-27 16:35:37.020,-0.4245,-0.76525,0.49124999999999996,0.2911556955056489,0.11075597058889408,0.4541244807622283,-0.8347049969456097
2025-03-27 16:35:37.043,-0.44325000000000003,-0.82925,0.52125,0.2911556955056489,0.11075597058889408,0.4541244807622283,-0.8347049969456097
2025-03-27 16:35:37.104,-0.40625,-0.8555,0.514,0.2911556955056489,0.11075597058889408,0.4541244807622283,-0.8347049969456097
2025-03-27 16:35:37.133,-0.4096666666666667,-0.844,0.5143333333333334,0.21464201706972286,0.11115622325536834,0.4767766930903899,-0.8451373163371948
2025-03-27 16:35:37.134,-0.343,-0.854,0.508,0.21464201706972277,0.11115622325536845,0.47677669309039,-0.8451373163371949
2025-03-27 16:35:37.189,-0.417,-0.8365,0.47750000000000004,0.21464201706972277,0.11115622325536845,0.47677669309039,-0.8451373163371949
2025-03-27 16:35:37.190,-0.41100000000000003,-0.9410000000000001,0.5,0.21464201706972277,0.11115622325536845,0.47677669309039,-0.8451373163371949
2025-03-27 16:35:37.195,-0.39249999999999996,-0.9177500000000001,0.529,0.21464201706972277,0.11115622325536834,0.47677669309039,-0.8451373163371949
2025-03-27 16:35:37.223,-0.40025,-0.86725,0.4895,0.21464201706972277,0.11115622325536834,0.47677669309039,-0.8451373163371949
2025-03-27 16:35:37.294,-0.3945,-0.89175,0.5115000000000001,0.21464201706972277,0.11115622325536834,0.47677669309039,-0.8451373163371949
2025-03-27 16:35:37.299,-0.39625,-0.8745,0.49775,0.21464201706972277,0.11115622325536834,0.47677669309039,-0.8451373163371949
2025-03-27 16:35:37.335,-0.454,-0.84575,0.49575,0.21464201706972277,0.11115622325536834,0.47677669309039,-0.8451373163371949
2025-03-27 16:35:37.393,-0.4725,-0.86775,0.5975,0.21464201706972277,0.11115622325536834,0.47677669309039,-0.8451373163371949
2025-03-27 16:35:37.425,-0.36,-0.5940000000000001,0.40975,0.21464201706972277,0.11115622325536834,0.47677669309039,-0.8451373163371949
2025-03-27 16:35:37.496,-0.39575,-0.41125,0.356,0.21464201706972277,0.11115622325536834,0.47677669309039,-0.8451373163371949
2025-03-27 16:35:37.515,-0.516,-0.5993333333333334,0.6703333333333333,0.21464201706972286,0.11115622325536834,0.4767766930903899,-0.8451373163371948
2025-03-27 16:35:37.516,-0.463,-0.604,0.772,0.21464201706972277,0.11115622325536845,0.47677669309039,-0.8451373163371949
2025-03-27 16:35:37.540,-0.43625,-0.51975,0.73775,-0.24328947395948178,-0.16562085554665296,-0.35511166498341606,0.8872855625226973
2025-03-27 16:35:37.617,-0.386,-0.4495,0.80325,0.2516644937000488,0.18287053176233237,0.3133380455636769,-0.8972416733667665
2025-03-27 16:35:37.629,-0.40900000000000003,-0.406,0.837,0.25166449370004873,0.18287053176233214,0.31333804556367684,-0.8972416733667664
2025-03-27 16:35:37.630,-0.3905,-0.4415,0.9045000000000001,0.25166449370004873,0.18287053176233214,0.31333804556367684,-0.8972416733667664
2025-03-27 16:35:37.698,-0.41725,-0.44675,0.97775,0.2516644937000488,0.18287053176233237,0.3133380455636769,-0.8972416733667665
2025-03-27 16:35:37.741,-0.4505,-0.3905,0.868,0.25166449370004873,0.18287053176233214,0.31333804556367684,-0.8972416733667664
2025-03-27 16:35:37.742,-0.469,-0.3815,0.854,0.25166449370004873,0.18287053176233214,0.31333804556367684,-0.8972416733667664
2025-03-27 16:35:37.797,-0.47525,-0.38075000000000003,0.857,0.2516644937000488,0.18287053176233237,0.3133380455636769,-0.8972416733667665
2025-03-27 16:35:37.808,-0.452,-0.3825,0.8554999999999999,0.25166449370004873,0.18287053176233214,0.31333804556367684,-0.8972416733667664
2025-03-27 16:35:37.809,-0.4865,-0.3775,0.833,0.25166449370004873,0.18287053176233214,0.31333804556367684,-0.8972416733667664
2025-03-27 16:35:37.831,-0.474,-0.323,0.82,0.2516644937000488,0.18287053176233237,0.3133380455636769,-0.8972416733667665
2025-03-27 16:35:37.905,-0.38825,-0.35,0.8545,-0.2390074698536789,-0.18284116224350855,-0.2579181750985611,0.9181082472657648
2025-03-27 16:35:37.943,-0.47975,-0.3475,0.86275,0.22547401109726248,0.1821413183764058,0.20155252460100373,-0.9356081392798901
2025-03-27 16:35:37.996,-0.40175,-0.3485,0.873,0.22547401109726248,0.1821413183764058,0.20155252460100373,-0.9356081392798901
2025-03-27 16:35:38.001,-0.3905,-0.3415,0.84175,0.22547401109726248,0.1821413183764058,0.20155252460100373,-0.9356081392798901
2025-03-27 16:35:38.033,-0.42174999999999996,-0.33775,0.8995,0.22547401109726248,0.1821413183764058,0.20155252460100373,-0.9356081392798901
2025-03-27 16:35:38.096,-0.4105,-0.32725000000000004,0.84475,0.22547401109726248,0.1821413183764058,0.20155252460100373,-0.9356081392798901
2025-03-27 16:35:38.146,-0.42874999999999996,-0.31074999999999997,0.8185,0.22547401109726248,0.1821413183764058,0.20155252460100373,-0.9356081392798901
2025-03-27 16:35:38.190,-0.44175,-0.3155,0.86425,0.22547401109726248,0.1821413183764058,0.20155252460100373,-0.9356081392798901
2025-03-27 16:35:38.195,-0.438,-0.33575,0.86325,0.22547401109726248,0.1821413183764058,0.20155252460100373,-0.9356081392798901
2025-03-27 16:35:38.289,-0.439,-0.326,0.846,0.22547401109726248,0.1821413183764058,0.20155252460100373,-0.9356081392798901
2025-03-27 16:35:38.290,-0.442,-0.33233333333333337,0.852,0.2254740110972626,0.18214131837640568,0.2015525246010037,-0.93560813927989
2025-03-27 16:35:38.303,-0.445,-0.337,0.85525,0.22547401109726248,0.1821413183764058,0.20155252460100373,-0.9356081392798901
2025-03-27 16:35:38.385,-0.4303333333333333,-0.3293333333333333,0.8366666666666666,0.2254740110972626,0.18214131837640568,0.2015525246010037,-0.93560813927989
2025-03-27 16:35:38.386,-0.415,-0.333,0.855,0.22547401109726248,0.1821413183764058,0.20155252460100373,-0.9356081392798901
2025-03-27 16:35:38.387,-0.436,-0.34475,0.87275,-0.22325505612148255,-0.19017538627836095,-0.19857588561339154,0.9351781220831288
2025-03-27 16:35:38.395,-0.43025,-0.34299999999999997,0.88,0.22251153514121833,0.19284999746801101,0.19758024268696844,-0.9350184719594822
2025-03-27 16:35:38.438,-0.42825,-0.322,0.85325,0.22251153514121833,0.19284999746801101,0.19758024268696844,-0.9350184719594822
2025-03-27 16:35:38.584,-0.4395,-0.3345,0.862,0.22251153514121833,0.19284999746801101,0.19758024268696844,-0.9350184719594822
2025-03-27 16:35:38.598,-0.4335,-0.3205,0.8465,0.22251153514121833,0.19284999746801101,0.19758024268696844,-0.9350184719594822
2025-03-27 16:35:38.599,-0.4435,-0.323,0.8474999999999999,0.22251153514121833,0.19284999746801101,0.19758024268696844,-0.9350184719594822
2025-03-27 16:35:38.691,-0.43174999999999997,-0.32625000000000004,0.86075,0.22251153514121833,0.19284999746801101,0.19758024268696844,-0.9350184719594822
2025-03-27 16:35:38.694,-0.4505,-0.328,0.87225,0.22251153514121833,0.19284999746801101,0.19758024268696844,-0.9350184719594822
2025-03-27 16:35:38.709,-0.4185,-0.3325,0.8445,0.22251153514121833,0.19284999746801101,0.19758024268696844,-0.9350184719594822
2025-03-27 16:35:38.731,-0.4355,-0.31575,0.867,0.22251153514121833,0.19284999746801101,0.19758024268696844,-0.9350184719594822
2025-03-27 16:35:38.753,-0.42325,-0.33125000000000004,0.87225,-0.22566081242006136,-0.19257106183182648,-0.19730889516253022,0.9343782872972928
2025-03-27 16:35:38.822,-0.42974999999999997,-0.33225000000000005,0.8485,0.23509485058792437,0.191722110797222,0.1964824114982538,-0.9323988982352616
2025-03-27 16:35:38.887,-0.4275,-0.32325000000000004,0.84825,0.23509485058792437,0.191722110797222,0.1964824114982538,-0.9323988982352616
2025-03-27 16:35:38.890,-0.43125,-0.33575,0.88125,0.23509485058792437,0.191722110797222,0.1964824114982538,-0.9323988982352616
2025-03-27 16:35:38.911,-0.43125,-0.342,0.89475,0.23509485058792437,0.191722110797222,0.1964824114982538,-0.9323988982352616
2025-03-27 16:35:38.940,-0.444,-0.3365,0.874,0.23509485058792431,0.191722110797222,0.19648241149825374,-0.9323988982352616
2025-03-27 16:35:38.941,-0.4335,-0.3305,0.843,0.23509485058792431,0.191722110797222,0.19648241149825374,-0.9323988982352616
2025-03-27 16:35:38.986,-0.42974999999999997,-0.35625,0.78075,0.23509485058792437,0.191722110797222,0.1964824114982538,-0.9323988982352616
2025-03-27 16:35:39.000,-0.45966666666666667,-0.4116666666666666,0.755,0.23509485058792431,0.1917221107972219,0.19648241149825377,-0.9323988982352618
2025-03-27 16:35:39.001,-0.484,-0.454,0.753,0.23509485058792431,0.191722110797222,0.19648241149825374,-0.9323988982352616
2025-03-27 16:35:39.024,-0.479,-0.50025,0.76625,0.23509485058792437,0.191722110797222,0.1964824114982538,-0.9323988982352616
2025-03-27 16:35:39.091,-0.50275,-0.5507500000000001,0.75475,0.23509485058792437,0.191722110797222,0.1964824114982538,-0.9323988982352616
2025-03-27 16:35:39.113,-0.49324999999999997,-0.59275,0.7002499999999999,-0.17653737976353065,-0.20682971795457006,-0.31132524646605736,0.9105671925947633
2025-03-27 16:35:39.194,-0.455,-0.629,0.682,0.15649662161386876,0.21103892938318491,0.34812472969521246,-0.8998780752317946
2025-03-27 16:35:39.195,-0.437,-0.6303333333333333,0.6603333333333333,0.1564966216138687,0.21103892938318525,0.3481247296952124,-0.8998780752317945
2025-03-27 16:35:39.203,-0.46875,-0.6485000000000001,0.623,0.1564966216138688,0.21103892938318503,0.3481247296952125,-0.8998780752317946
2025-03-27 16:35:39.226,-0.46,-0.664,0.613,0.1564966216138688,0.21103892938318503,0.3481247296952125,-0.8998780752317946
2025-03-27 16:35:39.296,-0.458,-0.655,0.596,0.15649662161386876,0.21103892938318491,0.34812472969521246,-0.8998780752317946
2025-03-27 16:35:39.297,-0.46466666666666673,-0.636,0.5710000000000001,0.1564966216138687,0.21103892938318525,0.3481247296952124,-0.8998780752317945
2025-03-27 16:35:39.316,-0.4775,-0.62375,0.56025,0.1564966216138688,0.21103892938318503,0.3481247296952125,-0.8998780752317946
2025-03-27 16:35:39.410,-0.494,-0.632,0.573,0.15649662161386876,0.21103892938318491,0.34812472969521246,-0.8998780752317946
2025-03-27 16:35:39.411,-0.501,-0.6423333333333333,0.5896666666666667,0.1564966216138687,0.21103892938318525,0.3481247296952124,-0.8998780752317945
2025-03-27 16:35:39.497,-0.49924999999999997,-0.65,0.59825,0.1564966216138688,0.21103892938318503,0.3481247296952125,-0.8998780752317946
2025-03-27 16:35:39.500,-0.5015000000000001,-0.645,0.5765,0.15649662161386876,0.21103892938318491,0.34812472969521246,-0.8998780752317946
2025-03-27 16:35:39.501,-0.5185,-0.653,0.579,0.15649662161386876,0.21103892938318491,0.34812472969521246,-0.8998780752317946
2025-03-27 16:35:39.568,-0.51575,-0.67325,0.6094999999999999,0.1564966216138688,0.21103892938318503,0.3481247296952125,-0.8998780752317946
2025-03-27 16:35:39.584,-0.5105,-0.68025,0.62225,0.1564966216138688,0.21103892938318503,0.3481247296952125,-0.8998780752317946
2025-03-27 16:35:39.606,-0.50725,-0.66525,0.5932499999999999,0.14337963292578193,0.22740527816833034,0.38686599149758993,-0.882079262280799
2025-03-27 16:35:39.629,-0.47425,-0.665,0.60375,0.14337963292578193,0.22740527816833034,0.38686599149758993,-0.882079262280799
